year,Zone Substation,Date,unit,0:15,0:30,0:45,1:00,1:15,1:30,1:45,2:00,2:15,2:30,2:45,3:00,3:15,3:30,3:45,4:00,4:15,4:30,4:45,5:00,5:15,5:30,5:45,6:00,6:15,6:30,6:45,7:00,7:15,7:30,7:45,8:00,8:15,8:30,8:45,9:00,9:15,9:30,9:45,10:00,10:15,10:30,10:45,11:00,11:15,11:30,11:45,12:00,12:15,12:30,12:45,13:00,13:15,13:30,13:45,14:00,14:15,14:30,14:45,15:00,15:15,15:30,15:45,16:00,16:15,16:30,16:45,17:00,17:15,17:30,17:45,18:00,18:15,18:30,18:45,19:00,19:15,19:30,19:45,20:00,20:15,20:30,20:45,21:00,21:15,21:30,21:45,22:00,22:15,22:30,22:45,23:00,23:15,23:30,23:45,24:00
2015,Wamberal 66_11kV,01MAY2014,MW,0.03429,0.03429,0.03429,0.03429,0.03429,0.03429,0.03429,0.03429,0.03429,0.03429,0.03429,0.03429,0.03429,0.03429,0.03429,0.03429,0.03429,0.03429,0.03429,0.03429,0.03429,0.03429,0.03429,0.03429,0.03429,0.03429,0.03429,0.03429,0.03429,0.03429,0.03429,0.03429,0.03429,0.03429,0.03429,0.03429,0.03429,0.03429,0.03429,0.03429,0.03429,0.03429,0.03429,0.03429,0.03429,0.03429,0.03429,0.03429,0.03429,0.03429,0.03429,0.03429,0.03429,0.03429,0.03429,0.03429,0.03429,0.03429,0.03429,0.03429,0.03429,0.03429,0.03429,0.03429,0.03429,0.03429,0.03429,0.03429,0.03429,0.03429,0.03429,0.03429,0.03429,0.03429,0.03429,0.03429,0.03429,0.03429,0.03429,0.03429,0.03429,0.03429,0.03429,0.03429,0.03429,0.03429,0.03429,0.03429,0.03429,0.03429,0.03429,0.03429,0.03429,0.03429,0.03429,0.03429
2015,Wamberal 66_11kV,02MAY2014,MW,0.03429,0.03429,0.03429,0.03429,0.03429,0.03429,0.03429,0.03429,0.03429,0.03429,0.03429,0.03429,0.03429,0.03429,0.03429,0.03429,0.03429,0.03429,0.03429,0.03429,0.03429,0.03429,0.03429,0.03429,0.03429,0.03429,0.03429,0.03429,0.03429,0.03429,0.03429,0.03429,0.03429,0.03429,0.03429,0.03429,0.03429,0.03429,0.03429,0.03429,0.03429,0.03429,0.03429,0.03429,0.03429,0.03429,0.03429,0.03429,0.03429,0.03429,0.03429,0.03429,0.03429,0.03429,0.03429,0.03429,0.03429,0.03429,0.03429,0.03429,0.03429,0.03429,0.03429,0.03429,0.03429,0.03429,0.03429,0.03429,0.03429,0.03429,0.03429,0.03429,0.03429,0.03429,0.03429,0.03429,0.03429,0.03429,0.03429,0.03429,0.03429,0.03429,0.03429,0.03429,0.03429,0.03429,0.03429,0.03429,0.03429,0.03429,0.03429,0.03429,0.03429,0.03429,0.03429,0.03429
2015,Wamberal 66_11kV,03MAY2014,MW,0.03429,0.03429,0.03429,0.03429,0.03429,0.03429,0.03429,0.03429,0.03429,0.03429,0.03429,0.03429,0.03429,0.03429,0.03429,0.03429,0.03429,0.03429,0.03429,0.03429,0.03429,0.03429,0.03429,0.03429,0.03429,0.03429,0.03429,0.03429,0.03429,0.03429,0.03429,0.03429,0.03429,0.03429,0.03429,0.03429,0.03429,0.03429,0.03429,0.03429,0.03429,0.03429,0.03429,0.03429,0.03429,0.03429,0.03429,0.03429,0.03429,0.03429,0.03429,0.03429,0.03429,0.03429,0.03429,0.03429,0.03429,0.03429,0.03429,0.03429,0.03429,0.03429,0.03429,0.03429,0.03429,0.03429,0.03429,0.03429,0.03429,0.03429,0.03429,0.03429,0.03429,0.03429,0.03429,0.03429,0.03429,0.03429,0.03429,0.03429,0.03429,0.03429,0.03429,0.03429,0.03429,0.03429,0.03429,0.03429,0.03429,0.03429,0.03429,0.03429,0.03429,0.03429,0.03429,0.03429
2015,Wamberal 66_11kV,04MAY2014,MW,0.03429,0.03429,0.03429,0.03429,0.03429,0.03429,0.03429,0.03429,0.03429,0.03429,0.03429,0.03429,0.03429,0.03429,0.03429,0.03429,0.03429,0.03429,0.03429,0.03429,0.03429,0.03429,0.03429,0.03429,0.03429,0.03429,0.03429,0.03429,0.03429,0.03429,0.03429,0.03429,0.03429,0.03429,0.03429,0.03429,0.03429,0.03429,0.03429,0.03429,0.03429,0.03429,0.03429,0.03429,0.03429,0.03429,0.03429,0.03429,0.03429,0.03429,0.03429,0.03429,0.03429,0.03429,0.03429,0.03429,0.03429,0.03429,0.03429,0.03429,0.03429,0.03429,0.03429,0.03429,0.03429,0.03429,0.03429,0.03429,0.03429,0.03429,0.03429,0.03429,0.03429,0.03429,0.03429,0.03429,0.03429,0.03429,0.03429,0.03429,0.03429,0.03429,0.03429,0.03429,0.03429,0.03429,0.03429,0.03429,0.03429,0.03429,0.03429,0.03429,0.03429,0.03429,0.03429,0.03429
2015,Wamberal 66_11kV,05MAY2014,MW,0.03429,0.03429,0.03429,0.03429,0.03429,0.03429,0.03429,0.03429,0.03429,0.03429,0.03429,0.03429,0.03429,0.03429,0.03429,0.03429,0.03429,0.03429,0.03429,0.03429,0.03429,0.03429,0.03429,0.03429,0.03429,0.03429,0.03429,0.03429,0.03429,0.03429,0.03429,0.03429,0.03429,0.03429,0.03429,0.03429,0.03429,0.03429,0.03429,0.03429,0.03429,0.03429,0.03429,0.03429,0.03429,0.03429,0.03429,0.03429,0.03429,0.03429,0.03429,0.03429,0.03429,0.03429,0.03429,0.03429,0.03429,0.03429,0.03429,0.03429,0.03429,0.03429,0.03429,0.03429,0.03429,0.03429,0.03429,0.03429,0.03429,0.03429,0.03429,0.03429,0.03429,0.03429,0.03429,0.03429,0.03429,0.03429,0.03429,0.03429,0.03429,0.03429,0.03429,0.03429,0.03429,0.03429,0.03429,0.03429,0.03429,0.03429,0.03429,0.03429,0.03429,0.03429,0.03429,0.03429
2015,Wamberal 66_11kV,06MAY2014,MW,0.03429,0.03429,0.03429,0.03429,0.03429,0.03429,0.03429,0.03429,0.03429,0.03429,0.03429,0.03429,0.03429,0.03429,0.03429,0.03429,0.03429,0.03429,0.03429,0.03429,0.03429,0.03429,0.03429,0.03429,0.03429,0.03429,0.03429,0.03429,0.03429,0.03429,0.03429,0.03429,0.03429,0.03429,0.03429,0.03429,0.03429,0.03429,0.03429,0.03429,0.03429,0.03429,0.03429,0.03429,0.03429,0.03429,0.03429,0.03429,0.03429,0.03429,0.03429,0.03429,0.03429,0.03429,0.03429,0.03429,0.03429,0.03429,0.03429,0.03429,0.03429,0.03429,0.03429,0.03429,0.03429,0.03429,0.03429,0.03429,0.03429,0.03429,0.03429,0.03429,0.03429,0.03429,0.03429,0.03429,0.03429,0.03429,0.03429,0.03429,0.03429,0.03429,0.03429,0.03429,0.03429,0.03429,0.03429,0.03429,0.03429,0.03429,0.03429,0.03429,0.03429,0.03429,0.03429,0.03429
2015,Wamberal 66_11kV,07MAY2014,MW,0.03429,0.03429,0.03429,0.03429,0.03429,0.03429,0.03429,0.03429,0.03429,0.03429,0.03429,0.03429,0.03429,0.03429,0.03429,0.03429,0.03429,0.03429,0.03429,0.03429,0.03429,0.03429,0.03429,0.03429,0.03429,0.03429,0.03429,0.03429,0.03429,0.03429,0.03429,0.03429,0.03429,0.03429,0.03429,0.03429,0.03429,0.03429,0.03429,0.03429,0.03429,0.03429,0.03429,0.03429,0.03429,0.03429,0.03429,0.03429,0.03429,0.03429,0.03429,0.03429,0.03429,0.03429,0.03429,0.03429,0.03429,0.03429,0.03429,0.03429,0.03429,0.03429,0.03429,0.03429,0.03429,0.03429,0.03429,0.03429,0.03429,0.03429,0.03429,0.03429,0.03429,0.03429,0.03429,0.03429,0.03429,0.03429,0.03429,0.03429,0.03429,0.03429,0.03429,0.03429,0.03429,0.03429,0.03429,0.03429,0.03429,0.03429,0.03429,0.03429,0.03429,0.03429,0.03429,0.03429
2015,Wamberal 66_11kV,08MAY2014,MW,0.03429,0.03429,0.03429,0.03429,0.03429,0.03429,0.03429,0.03429,0.03429,0.03429,0.03429,0.03429,0.03429,0.03429,0.03429,0.03429,0.03429,0.03429,0.03429,0.03429,0.03429,0.03429,0.03429,0.03429,0.03429,0.03429,0.03429,0.03429,0.03429,0.03429,0.03429,0.03429,0.03429,0.03429,0.03429,0.03429,0.03429,0.03429,0.03429,0.03429,0.03429,0.03429,0.03429,0.03429,0.03429,0.03429,0.03429,0.03429,0.03429,0.03429,0.03429,0.03429,0.03429,0.03429,0.03429,0.03429,0.03429,0.03429,0.03429,0.03429,0.03429,0.03429,0.03429,0.03429,0.03429,0.03429,0.03429,0.03429,0.03429,0.03429,0.03429,0.03429,0.03429,0.03429,0.03429,0.03429,0.03429,0.03429,0.03429,0.03429,0.03429,0.03429,0.03429,0.03429,0.03429,0.03429,0.03429,0.03429,0.03429,0.03429,0.03429,0.03429,0.03429,0.03429,0.03429,0.03429
2015,Wamberal 66_11kV,09MAY2014,MW,0.03429,0.03429,0.03429,0.03429,0.03429,0.03429,0.03429,0.03429,0.03429,0.03429,0.03429,0.03429,0.03429,0.03429,0.03429,0.03429,0.03429,0.03429,0.03429,0.03429,0.03429,0.03429,0.03429,0.03429,0.03429,0.03429,0.03429,0.03429,0.03429,0.03429,0.03429,0.03429,0.03429,0.03429,0.03429,0.03429,0.03429,0.03429,0.03429,0.03429,0.03429,0.03429,0.03429,0.03429,0.03429,0.03429,0.03429,0.03429,0.03429,0.03429,0.03429,0.03429,0.03429,0.03429,0.03429,0.03429,0.03429,0.03429,0.03429,0.03429,0.03429,0.03429,0.03429,0.03429,0.03429,0.03429,0.03429,0.03429,0.03429,0.03429,0.03429,0.03429,0.03429,0.03429,0.03429,0.03429,0.03429,0.03429,0.03429,0.03429,0.03429,0.03429,0.03429,0.03429,0.03429,0.03429,0.03429,0.03429,0.03429,0.03429,0.03429,0.03429,0.03429,0.03429,0.03429,0.03429
2015,Wamberal 66_11kV,10MAY2014,MW,0.03429,0.03429,0.03429,0.03429,0.03429,0.03429,0.03429,0.03429,0.03429,0.03429,0.03429,0.03429,0.03429,0.03429,0.03429,0.03429,0.03429,0.03429,0.03429,0.03429,0.03429,0.03429,0.03429,0.03429,0.03429,0.03429,0.03429,0.03429,0.03429,0.03429,0.03429,0.03429,0.03429,0.03429,0.03429,0.03429,0.03429,0.03429,0.03429,0.03429,0.03429,0.03429,0.03429,0.03429,0.03429,0.03429,0.03429,0.03429,0.03429,0.03429,0.03429,0.03429,0.03429,0.03429,0.03429,0.03429,0.03429,0.03429,0.03429,0.03429,0.03429,0.03429,0.03429,0.03429,0.03429,0.03429,0.03429,0.03429,0.03429,0.03429,0.03429,0.03429,0.03429,0.03429,0.03429,0.03429,0.03429,0.03429,0.03429,0.03429,0.03429,0.03429,0.03429,0.03429,0.03429,0.03429,0.03429,0.03429,0.03429,0.03429,0.03429,0.03429,0.03429,0.03429,0.03429,0.03429
2015,Wamberal 66_11kV,11MAY2014,MW,0.03429,0.03429,0.03429,0.03429,0.03429,0.03429,0.03429,0.03429,0.03429,0.03429,0.03429,0.03429,0.03429,0.03429,0.03429,0.03429,0.03429,0.03429,0.03429,0.03429,0.03429,0.03429,0.03429,0.03429,0.03429,0.03429,0.03429,0.03429,0.03429,0.03429,0.03429,0.03429,0.03429,0.03429,0.03429,0.03429,0.03429,0.03429,0.03429,0.03429,0.03429,0.03429,0.03429,0.03429,0.03429,0.03429,0.03429,0.03429,0.03429,0.03429,0.03429,0.03429,0.03429,0.03429,0.03429,0.03429,0.03429,0.03429,0.03429,0.03429,0.03429,0.03429,0.03429,0.03429,0.03429,0.03429,0.03429,0.03429,0.03429,0.03429,0.03429,0.03429,0.03429,0.03429,0.03429,0.03429,0.03429,0.03429,0.03429,0.03429,0.03429,0.03429,0.03429,0.03429,0.03429,0.03429,0.03429,0.03429,0.03429,0.03429,0.03429,0.03429,0.03429,0.03429,0.03429,0.03429
2015,Wamberal 66_11kV,12MAY2014,MW,0.03429,0.03429,0.03429,0.03429,0.03429,0.03429,0.03429,0.03429,0.03429,0.03429,0.03429,0.03429,0.03429,0.03429,0.03429,0.03429,0.03429,0.03429,0.03429,0.03429,0.03429,0.03429,0.03429,0.03429,0.03429,0.03429,0.03429,0.03429,0.03429,0.03429,0.03429,0.03429,0.03429,0.03429,0.03429,0.03429,0.03429,0.03429,0.03429,0.03429,0.03429,0.03429,0.03429,0.03429,0.03429,0.03429,0.03429,0.03429,0.03429,0.03429,0.03429,0.03429,0.03429,0.03429,0.03429,0.03429,0.03429,0.03429,0.03429,0.03429,0.03429,0.03429,0.03429,0.03429,0.03429,0.03429,0.03429,0.03429,0.03429,0.03429,0.03429,0.03429,0.03429,0.03429,0.03429,0.03429,0.03429,0.03429,0.03429,0.03429,0.03429,0.03429,0.03429,0.03429,0.03429,0.03429,0.03429,0.03429,0.03429,0.03429,0.03429,0.03429,0.03429,0.03429,0.03429,0.03429
2015,Wamberal 66_11kV,13MAY2014,MW,0.03429,0.03429,0.03429,0.03429,0.03429,0.03429,0.03429,0.03429,0.03429,0.03429,0.03429,0.03429,0.03429,0.03429,0.03429,0.03429,0.03429,0.03429,0.03429,0.03429,0.03429,0.03429,0.03429,0.03429,0.03429,0.03429,0.03429,0.03429,0.03429,0.03429,0.03429,0.03429,0.03429,0.03429,0.03429,0.03429,0.03429,0.03429,0.03429,0.03429,0.03429,0.03429,0.03429,0.03429,0.03429,0.03429,0.03429,0.03429,0.03429,0.03429,0.03429,0.03429,0.03429,0.03429,0.03429,0.03429,0.03429,0.03429,0.03429,0.03429,0.03429,0.03429,0.03429,0.03429,0.03429,0.03429,0.03429,0.03429,0.03429,0.03429,0.03429,0.03429,0.03429,0.03429,0.03429,0.03429,0.03429,0.03429,0.03429,0.03429,0.03429,0.03429,0.03429,0.03429,0.03429,0.03429,0.03429,0.03429,0.03429,0.03429,0.03429,0.03429,0.03429,0.03429,0.03429,0.03429
2015,Wamberal 66_11kV,14MAY2014,MW,0.03429,0.03429,0.03429,0.03429,0.03429,0.03429,0.03429,0.03429,0.03429,0.03429,0.03429,0.03429,0.03429,0.03429,0.03429,0.03429,0.03429,0.03429,0.03429,0.03429,0.03429,0.03429,0.03429,0.03429,0.03429,0.03429,0.03429,0.03429,0.03429,0.03429,0.03429,0.03429,0.03429,0.03429,0.03429,0.03429,0.03429,0.03429,0.03429,0.03429,0.03429,0.03429,0.03429,0.03429,0.03429,0.03429,0.03429,0.03429,0.03429,0.03429,0.03429,0.03429,0.03429,0.03429,0.03429,0.03429,0.03429,0.03429,0.03429,0.03429,0.03429,0.03429,0.03429,0.03429,0.03429,0.03429,0.03429,0.03429,0.03429,0.03429,0.03429,0.03429,0.03429,0.03429,0.03429,0.03429,0.03429,0.03429,0.03429,0.03429,0.03429,0.03429,0.03429,0.03429,0.03429,0.03429,0.03429,0.03429,0.03429,0.03429,0.03429,0.03429,0.03429,0.03429,0.03429,0.03429
2015,Wamberal 66_11kV,15MAY2014,MW,0.03429,0.03429,0.03429,0.03429,0.03429,0.03429,0.03429,0.03429,0.03429,0.03429,0.03429,0.03429,0.03429,0.03429,0.03429,0.03429,0.03429,0.03429,0.03429,0.03429,0.03429,0.03429,0.03429,0.03429,0.03429,0.03429,0.03429,0.03429,0.03429,0.03429,0.03429,0.03429,0.03429,0.03429,0.03429,0.03429,0.03429,0.03429,0.03429,0.03429,0.03429,0.03429,0.03429,0.03429,0.03429,0.03429,0.03429,0.03429,0.03429,0.03429,0.03429,0.03429,0.03429,0.03429,0.03429,0.03429,0.03429,0.03429,0.03429,0.03429,0.03429,0.03429,0.03429,0.03429,0.03429,0.03429,0.03429,0.03429,0.03429,0.03429,0.03429,0.03429,0.03429,0.03429,0.03429,0.03429,0.03429,0.03429,0.03429,0.03429,0.03429,0.03429,0.03429,0.03429,0.03429,0.03429,0.03429,0.03429,0.03429,0.03429,0.03429,0.03429,0.03429,0.03429,0.03429,0.03429
2015,Wamberal 66_11kV,16MAY2014,MW,0.03429,0.03429,0.03429,0.03429,0.03429,0.03429,0.03429,0.03429,0.03429,0.03429,0.03429,0.03429,0.03429,0.03429,0.03429,0.03429,0.03429,0.03429,0.03429,0.03429,0.03429,0.03429,0.03429,0.03429,0.03429,0.03429,0.03429,0.03429,0.03429,0.03429,0.03429,0.03429,0.03429,0.03429,0.03429,0.03429,0.03429,0.03429,0.03429,0.03429,0.03429,0.03429,0.03429,0.03429,0.03429,0.03429,0.03429,0.03429,0.03429,0.03429,0.03429,0.03429,0.03429,0.03429,0.03429,0.03429,0.03429,0.03429,0.03429,0.03429,0.03429,0.03429,0.03429,0.03429,0.03429,0.03429,0.03429,0.03429,0.03429,0.03429,0.03429,0.03429,0.03429,0.03429,0.03429,0.03429,0.03429,0.03429,0.03429,0.03429,0.03429,0.03429,0.03429,0.03429,0.03429,0.03429,0.03429,0.03429,0.03429,0.03429,0.03429,0.03429,0.03429,0.03429,0.03429,0.03429
2015,Wamberal 66_11kV,17MAY2014,MW,0.03429,0.03429,0.03429,0.03429,0.03429,0.03429,0.03429,0.03429,0.03429,0.03429,0.03429,0.03429,0.03429,0.03429,0.03429,0.03429,0.03429,0.03429,0.03429,0.03429,0.03429,0.03429,0.03429,0.03429,0.03429,0.03429,0.03429,0.03429,0.03429,0.03429,0.03429,0.03429,0.03429,0.03429,0.03429,0.03429,0.03429,0.03429,0.03429,0.03429,0.03429,0.03429,0.03429,0.03429,0.03429,0.03429,0.03429,0.03429,0.03429,0.03429,0.03429,0.03429,0.03429,0.03429,0.03429,0.03429,0.03429,0.03429,0.03429,0.03429,0.03429,0.03429,0.03429,0.03429,0.03429,0.03429,0.03429,0.03429,0.03429,0.03429,0.03429,0.03429,0.03429,0.03429,0.03429,0.03429,0.03429,0.03429,0.03429,0.03429,0.03429,0.03429,0.03429,0.03429,0.03429,0.03429,0.03429,0.03429,0.03429,0.03429,0.03429,0.03429,0.03429,0.03429,0.03429,0.03429
2015,Wamberal 66_11kV,18MAY2014,MW,0.03429,0.03429,0.03429,0.03429,0.03429,0.03429,0.03429,0.03429,0.03429,0.03429,0.03429,0.03429,0.03429,0.03429,0.03429,0.03429,0.03429,0.03429,0.03429,0.03429,0.03429,0.03429,0.03429,0.03429,0.03429,0.03429,0.03429,0.03429,0.03429,0.03429,0.03429,0.03429,0.03429,0.03429,0.03429,0.03429,0.03429,0.03429,0.03429,0.03429,0.03429,0.03429,0.03429,0.03429,0.03429,0.03429,0.03429,0.03429,0.03429,0.03429,0.03429,0.03429,0.03429,0.03429,0.03429,0.03429,0.03429,0.03429,0.03429,0.03429,0.03429,0.03429,0.03429,0.03429,0.03429,0.03429,0.03429,0.03429,0.03429,0.03429,0.03429,0.03429,0.03429,0.03429,0.03429,0.03429,0.03429,0.03429,0.03429,0.03429,0.03429,0.03429,0.03429,0.03429,0.03429,0.03429,0.03429,0.03429,0.03429,0.03429,0.03429,0.03429,0.03429,0.03429,0.03429,0.03429
2015,Wamberal 66_11kV,19MAY2014,MW,0.03429,0.03429,0.03429,0.03429,0.03429,0.03429,0.03429,0.03429,0.03429,0.03429,0.03429,0.03429,0.03429,0.03429,0.03429,0.03429,0.03429,0.03429,0.03429,0.03429,0.03429,0.03429,0.03429,0.03429,0.03429,0.03429,0.03429,0.03429,0.03429,0.03429,0.03429,0.03429,0.03429,0.03429,0.03429,0.03429,0.03429,0.03429,0.03429,0.03429,0.03429,0.03429,0.03429,0.03429,0.03429,0.03429,0.03429,0.03429,0.03429,0.03429,0.03429,0.03429,0.03429,0.03429,0.03429,0.03429,0.03429,0.03429,0.03429,0.03429,0.03429,0.03429,0.03429,0.03429,0.03429,0.03429,0.03429,0.03429,0.03429,0.03429,0.03429,0.03429,0.03429,0.03429,0.03429,0.03429,0.03429,0.03429,0.03429,0.03429,0.03429,0.03429,0.03429,0.03429,0.03429,0.03429,0.03429,0.03429,0.03429,0.03429,0.03429,0.03429,0.03429,0.03429,0.03429,0.03429
2015,Wamberal 66_11kV,20MAY2014,MW,0.03429,0.03429,0.03429,0.03429,0.03429,0.03429,0.03429,0.03429,0.03429,0.03429,0.03429,0.03429,0.03429,0.03429,0.03429,0.03429,0.03429,0.03429,0.03429,0.03429,0.03429,0.03429,0.03429,0.03429,0.03429,0.03429,0.03429,0.03429,0.03429,0.03429,0.03429,0.03429,0.03429,0.03429,0.03429,0.03429,0.03429,0.03429,0.03429,0.03429,0.03429,0.03429,0.03429,0.03429,0.03429,0.03429,0.03429,0.03429,0.03429,0.03429,0.03429,0.03429,0.03429,0.03429,0.03429,0.03429,0.03429,0.03429,0.03429,0.03429,0.03429,0.03429,0.03429,0.03429,0.03429,0.03429,0.03429,0.03429,0.03429,0.03429,0.03429,0.03429,0.03429,0.03429,0.03429,0.03429,0.03429,0.03429,0.03429,0.03429,0.03429,0.03429,0.03429,0.03429,0.03429,0.03429,0.03429,0.03429,0.03429,0.03429,0.03429,0.03429,,0.03429,0.03429,0.03429
2015,Wamberal 66_11kV,21MAY2014,MW,0.03429,0.03429,0.03429,0.03429,0.03429,,0.03429,0.03429,0.03429,0.03429,0.03429,0.03429,0.03429,0.03429,0.03429,0.03429,0.03429,0.03429,0.03429,0.03429,0.03429,0.03429,0.03429,0.03429,0.03429,0.03429,0.03429,0.03429,0.03429,0.03429,0.03429,0.03429,0.03429,0.03429,0.03429,0.03429,0.03429,0.03429,0.03429,0.03429,0.03429,0.03429,0.03429,0.03429,0.03429,0.03429,0.03429,0.03429,0.03429,0.03429,0.03429,0.03429,0.03429,0.03429,0.03429,0.03429,0.03429,0.03429,0.03429,0.03429,0.03429,0.03429,0.03429,0.03429,0.03429,0.03429,0.03429,0.03429,0.03429,0.03429,0.03429,0.03429,0.03429,0.03429,0.03429,0.03429,0.03429,0.03429,0.03429,0.03429,0.03429,0.03429,0.03429,0.03429,0.03429,0.03429,0.03429,0.03429,0.03429,0.03429,0.03429,0.03429,0.03429,0.03429,0.03429,0.03429
2015,Wamberal 66_11kV,22MAY2014,MW,0.03429,0.03429,0.03429,0.03429,0.03429,0.03429,0.03429,0.03429,0.03429,0.03429,0.03429,0.03429,0.03429,0.03429,0.03429,0.03429,0.03429,0.03429,0.03429,0.03429,0.03429,0.03429,0.03429,0.03429,0.03429,0.03429,0.03429,0.03429,0.03429,0.03429,0.03429,0.03429,0.03429,0.03429,0.03429,0.03429,0.03429,0.03429,0.03429,0.03429,0.03429,0.03429,0.03429,0.03429,0.03429,0.03429,0.03429,0.03429,0.03429,0.03429,0.03429,0.03429,0.03429,0.03429,0.03429,0.03429,0.03429,0.03429,0.03429,0.03429,0.03429,0.03429,0.03429,0.03429,0.03429,0.03429,0.03429,0.03429,0.03429,0.03429,0.03429,0.03429,0.03429,0.03429,0.03429,0.03429,0.03429,0.03429,0.03429,0.03429,0.03429,0.03429,0.03429,0.03429,0.03429,0.03429,0.03429,0.03429,0.03429,0.03429,0.03429,0.03429,0.03429,0.03429,0.03429,0.03429
2015,Wamberal 66_11kV,23MAY2014,MW,0.03429,0.03429,0.03429,0.03429,0.03429,0.03429,0.03429,0.03429,0.03429,0.03429,0.03429,0.03429,0.03429,0.03429,0.03429,0.03429,0.03429,0.03429,0.03429,0.03429,0.03429,0.03429,0.03429,0.03429,0.03429,0.03429,0.03429,0.03429,0.03429,0.03429,0.03429,0.03429,0.03429,0.03429,0.03429,0.03429,0.03429,0.03429,0.03429,0.03429,0.03429,0.03429,0.03429,0.03429,0.03429,0.03429,0.03429,0.03429,0.03429,0.03429,0.03429,0.03429,0.03429,0.03429,0.03429,0.03429,0.03429,0.03429,0.03429,0.03429,0.03429,0.03429,0.03429,0.03429,0.03429,0.03429,0.03429,0.03429,0.03429,0.03429,0.03429,0.03429,0.03429,0.03429,0.03429,0.03429,0.03429,0.03429,0.03429,0.03429,0.03429,0.03429,0.03429,0.03429,0.03429,0.03429,0.03429,0.03429,0.03429,0.03429,0.03429,0.03429,0.03429,0.03429,0.03429,0.03429
2015,Wamberal 66_11kV,24MAY2014,MW,0.03429,0.03429,0.03429,0.03429,0.03429,0.03429,0.03429,0.03429,0.03429,0.03429,0.03429,0.03429,0.03429,0.03429,0.03429,0.03429,0.03429,0.03429,0.03429,0.03429,0.03429,0.03429,0.03429,0.03429,0.03429,0.03429,0.03429,0.03429,0.03429,0.03429,0.03429,0.03429,0.03429,0.03429,0.03429,0.03429,0.03429,0.03429,0.03429,0.03429,0.03429,0.03429,0.03429,0.03429,0.03429,0.03429,0.03429,0.03429,0.03429,0.03429,0.03429,0.03429,0.03429,0.03429,0.03429,0.03429,0.03429,0.03429,0.03429,0.03429,0.03429,0.03429,0.03429,0.03429,0.03429,0.03429,0.03429,0.03429,0.03429,0.03429,0.03429,0.03429,0.03429,0.03429,0.03429,0.03429,0.03429,0.03429,0.03429,0.03429,0.03429,0.03429,0.03429,0.03429,0.03429,0.03429,0.03429,0.03429,0.03429,0.03429,0.03429,0.03429,0.03429,0.03429,0.03429,0.03429
2015,Wamberal 66_11kV,25MAY2014,MW,0.03429,0.03429,0.03429,0.03429,0.03429,0.03429,0.03429,0.03429,0.03429,0.03429,0.03429,0.03429,0.03429,0.03429,0.03429,0.03429,0.03429,0.03429,0.03429,0.03429,0.03429,0.03429,0.03429,0.03429,0.03429,0.03429,0.03429,0.03429,0.03429,0.03429,0.03429,0.03429,0.03429,0.03429,0.03429,0.03429,0.03429,0.03429,0.03429,0.03429,0.03429,0.03429,0.03429,0.03429,0.03429,0.03429,0.03429,0.03429,0.03429,0.03429,0.03429,0.03429,0.03429,0.03429,0.03429,0.03429,0.03429,0.03429,0.03429,0.03429,0.03429,0.03429,0.03429,0.03429,0.03429,0.03429,0.03429,0.03429,0.03429,0.03429,0.03429,0.03429,0.03429,0.03429,0.03429,0.03429,0.03429,0.03429,0.03429,0.03429,0.03429,0.03429,0.03429,0.03429,0.03429,0.03429,0.03429,0.03429,0.03429,0.03429,0.03429,0.03429,0.03429,0.03429,0.03429,0.03429
2015,Wamberal 66_11kV,26MAY2014,MW,0.03429,0.03429,0.03429,0.03429,0.03429,0.03429,0.03429,0.03429,0.03429,0.03429,0.03429,0.03429,0.03429,0.03429,0.03429,0.03429,0.03429,0.03429,0.03429,0.03429,0.03429,0.03429,0.03429,0.03429,0.03429,0.03429,0.03429,0.03429,0.03429,0.03429,0.03429,0.03429,0.03429,0.03429,0.03429,0.03429,0.03429,0.03429,0.03429,0.03429,0.03429,0.03429,0.03429,0.03429,0.03429,0.03429,0.03429,0.03429,0.03429,0.03429,0.03429,0.03429,0.03429,0.03429,0.03429,0.03429,0.03429,0.03429,0.03429,0.03429,0.03429,0.03429,0.03429,0.03429,0.03429,0.03429,0.03429,0.03429,0.03429,0.03429,0.03429,0.03429,0.03429,0.03429,0.03429,0.03429,0.03429,0.03429,0.03429,0.03429,0.03429,0.03429,0.03429,0.03429,0.03429,0.03429,0.03429,0.03429,0.03429,0.03429,0.03429,0.03429,0.03429,0.03429,0.03429,0.03429
2015,Wamberal 66_11kV,27MAY2014,MW,0.03429,0.03429,0.03429,0.03429,0.03429,0.03429,0.03429,0.03429,0.03429,0.03429,0.03429,0.03429,0.03429,0.03429,0.03429,0.03429,0.03429,0.03429,0.03429,0.03429,0.03429,0.03429,0.03429,0.03429,0.03429,0.03429,0.03429,0.03429,0.03429,0.03429,0.03429,0.03429,0.03429,0.03429,0.03429,0.03429,0.03429,0.03429,0.03429,0.03429,0.03429,0.03429,0.03429,0.03429,0.03429,0.03429,0.03429,0.03429,0.03429,0.03429,0.03429,0.03429,0.03429,0.03429,0.03429,0.03429,0.03429,0.03429,0.03429,0.03429,0.03429,0.03429,0.03429,0.03429,0.03429,0.03429,0.03429,0.03429,0.03429,0.03429,0.03429,0.03429,0.03429,0.03429,0.03429,0.03429,0.03429,0.03429,0.03429,0.03429,0.03429,0.03429,0.03429,0.03429,0.03429,0.03429,0.03429,0.03429,0.03429,0.03429,0.03429,0.03429,0.03429,0.03429,0.03429,0.03429
2015,Wamberal 66_11kV,28MAY2014,MW,0.03429,0.03429,0.03429,0.03429,0.03429,0.03429,0.03429,0.03429,0.03429,0.03429,0.03429,0.03429,0.03429,0.03429,0.03429,0.03429,0.03429,0.03429,0.03429,0.03429,0.03429,0.03429,0.03429,0.03429,0.03429,0.03429,0.03429,0.03429,0.03429,0.03429,0.03429,0.03429,0.03429,0.03429,0.03429,0.03429,0.03429,0.03429,0.03429,0.03429,0.03429,0.03429,0.03429,0.03429,0.03429,0.03429,0.03429,0.03429,0.03429,0.03429,0.03429,0.03429,0.03429,0.03429,0.03429,0.03429,0.03429,0.03429,0.03429,0.03429,0.03429,0.03429,0.03429,0.03429,0.03429,0.03429,0.03429,0.03429,0.03429,0.03429,0.03429,0.03429,0.03429,0.03429,0.03429,0.03429,0.03429,0.03429,0.03429,0.03429,0.03429,0.03429,0.03429,0.03429,0.03429,0.03429,0.03429,0.03429,0.03429,0.03429,0.03429,0.03429,0.03429,0.03429,0.03429,0.03429
2015,Wamberal 66_11kV,29MAY2014,MW,0.03429,0.03429,0.03429,0.03429,0.03429,0.03429,0.03429,0.03429,0.03429,0.03429,0.03429,0.03429,0.03429,0.03429,0.03429,0.03429,0.03429,0.03429,0.03429,0.03429,0.03429,0.03429,0.03429,0.03429,0.03429,0.03429,0.03429,0.03429,0.03429,0.03429,0.03429,0.03429,0.03429,0.03429,0.03429,0.03429,0.03429,0.03429,0.03429,0.03429,0.03429,0.03429,0.03429,0.03429,0.03429,0.03429,0.03429,0.03429,0.03429,0.03429,0.03429,0.03429,0.03429,0.03429,0.03429,0.03429,0.03429,0.03429,0.03429,0.03429,0.03429,0.03429,0.03429,0.03429,0.03429,0.03429,0.03429,0.03429,0.03429,0.03429,0.03429,0.03429,0.03429,0.03429,0.03429,0.03429,0.03429,0.03429,0.03429,0.03429,0.03429,0.03429,0.03429,0.03429,0.03429,0.03429,0.03429,0.03429,0.03429,0.03429,0.03429,0.03429,0.03429,0.03429,0.03429,0.03429
2015,Wamberal 66_11kV,30MAY2014,MW,0.03429,0.03429,0.03429,0.03429,0.03429,0.03429,0.03429,0.03429,0.03429,0.03429,0.03429,0.03429,0.03429,0.03429,0.03429,0.03429,0.03429,0.03429,0.03429,0.03429,0.03429,0.03429,0.03429,0.03429,0.03429,0.03429,0.03429,0.03429,0.03429,0.03429,0.03429,0.03429,0.03429,0.03429,0.03429,0.03429,0.03429,0.03429,0.03429,0.03429,0.03429,0.03429,0.03429,0.03429,0.03429,0.03429,0.03429,0.03429,0.03429,0.03429,0.03429,0.03429,0.03429,0.03429,0.03429,0.03429,0.03429,0.03429,0.03429,0.03429,0.03429,0.03429,0.03429,0.03429,0.03429,0.03429,0.03429,0.03429,0.03429,0.03429,0.03429,0.03429,0.03429,0.03429,0.03429,0.03429,0.03429,0.03429,0.03429,0.03429,0.03429,0.03429,0.03429,0.03429,0.03429,0.03429,0.03429,0.03429,0.03429,0.03429,0.03429,0.03429,0.03429,0.03429,0.03429,0.03429
2015,Wamberal 66_11kV,31MAY2014,MW,0.03429,0.03429,,,,,,,,,,,,,,,,,,,,,,,,,,,,,,,,,,,,,,,,,,,,,,,,,,,,,,,,,,,,,,,,,,,,,,,,,,,,,,,,,,,,,,,,,,,,,,
2015,Wamberal 66_11kV,01JUN2014,MW,,,,,,,,,,,,,,,,,,,,,,,,,,,,,,,,,,,,,,,,,,,,,,,,,,,,,,,,,,,,,,,,,,,,,,,,,,,,,,,,,,,,,,,,,,,,,,,,
2015,Wamberal 66_11kV,02JUN2014,MW,,,,,,,,,,,,,,,,,,,,,,,,,,,,,,,,,,,,,,,,,,,,,,,,,,,,,,,,,,,,,,,,,,,,,,,,,,,,,,,,,,,,,,,,,,,,,,,,
2015,Wamberal 66_11kV,03JUN2014,MW,,,,,,,,,,,,,,,,,,,,,,,,,,,,,,,,,,,,,,,,,,,,,,,,,,,,,,,,,,,,,,,,,,,,,,,,,,,,,,,,,,,,,,,,,,,,,,,,
2015,Wamberal 66_11kV,04JUN2014,MW,,,,,,,,,,,,,,,,,,,,,,,,,,,,,,,,,,,,,,,,,,,,,,,,,,,,,,,,,,,,,,,,,,,,,,,,,,,,,,,,,,,,,,,,,,,,,,,,
2015,Wamberal 66_11kV,05JUN2014,MW,,,,,,,,,,,,,,,,,,,,,,,,,,,,,,,,,,,,,,,,,,,,,,,,,,,,,,,,,,,,,,,,,,,,,,,,,,,,,,,,,,,,,,,,,,,,,,,,
2015,Wamberal 66_11kV,06JUN2014,MW,,,,,,,,,,,,,,,,,,,,,,,,,,,,,,,,,,,,,,,,,,,,,,,,,,,,,,,,,,,,,,,,,,,,,,,,,,,,,,,,,,,,,,,,,,,,,,,,
2015,Wamberal 66_11kV,07JUN2014,MW,,,,,,,,,,,,,,,,,,,,,,,,,,,,,,,,,,,,,,,,,,,,,,,,,,,,,,,,,,,,,,,,,,,,,,,,,,,,,,,,,,,,,,,,,,,,,,,,
2015,Wamberal 66_11kV,08JUN2014,MW,,,,,,,,,,,,,,,,,,,,,,,,,,,,,,,,,,,,,,,,,,,,,,,,,,,,,,,,,,,,,,,,,,,,,,,,,,,,,,,,,,,,,,,,,,,,,,,,
2015,Wamberal 66_11kV,09JUN2014,MW,,,,,,,,,,,,,,,,,,,,,,,,,,,,,,,,,,,,,,,,,,,,,,,,,,,,,,,,,,,,,,,,,,,,,,,,,,,,,,,,,,,,,,,,,,,,,,,,
2015,Wamberal 66_11kV,10JUN2014,MW,,,,,,,,,,,,,,,,,,,,,,,,,,,,,,,,,,,,,,,,,,,,,,,,,,,,,,,,,,,,,,,,,,,,,,,,,,,,,,,,,,,,,,,,,,,,,,,,
2015,Wamberal 66_11kV,11JUN2014,MW,,,,,,,,,,,,,,,,,,,,,,,,,,,,,,,,,,,,,,,,,,,,,,,,,,,,,,,,,,,,,,,,,,,,,,,,,,,,,,,,,,,,,,,,,,,,,,,,
2015,Wamberal 66_11kV,12JUN2014,MW,,,,,,,,,,,,,,,,,,,,,,,,,,,,,,,,,,,,,,,,,,,,,,,,,,,,,,,,,,,,,,,,,,,,,,,,,,,,,,,,,,,,,,,,,,,,,,,,
2015,Wamberal 66_11kV,13JUN2014,MW,,,,,,,,,,,,,,,,,,,,,,,,,,,,,,,,,,,,,,,,,,,,,,,,,,,,,,,,,,,,,,,,,,,,,,,,,,,,,,,,,,,,,,,,,,,,,,,,
2015,Wamberal 66_11kV,14JUN2014,MW,,,,,,,,,,,,,,,,,,,,,,,,,,,,,,,,,,,,,,,,,,,,,,,,,,,,,,,,,,,,,,,,,,,,,,,,,,,,,,,,,,,,,,,,,,,,,,,,
2015,Wamberal 66_11kV,15JUN2014,MW,,,,,,,,,,,,,,,,,,,,,,,,,,,,,,,,,,,,,,,,,,,,,,,,,,,,,,,,,,,,,,,,,,,,,,,,,,,,,,,,,,,,,,,,,,,,,,,,
2015,Wamberal 66_11kV,16JUN2014,MW,,,,,,,,,,,,,,,,,,,,,,,,,,,,,,,,,,,,,,,,,,,,,,,,,,,,,,,,,,,,,,,,,,,,,,,,,,,,,,,,,,,,,,,,,,,,,,,,
2015,Wamberal 66_11kV,17JUN2014,MW,,,,,,,,,,,,,,,,,,,,,,,,,,,,,,,,,,,,,,,,,,,,,,,,,,,,,,,,,,,,,,,,,,,,,,,,,,,,,,,,,,,,,,,,,,,,,,,,
2015,Wamberal 66_11kV,18JUN2014,MW,,,,,,,,,,,,,,,,,,,,,,,,,,,,,,,,,,,,,,,,,,,,,,,,,,,,,,,,,,,,,,,,,,,,,,,,,,,,,,,,,,,,,,,,,,,,,,,,
2015,Wamberal 66_11kV,19JUN2014,MW,,,,,,,,,,,,,,,,,,,,,,,,,,,,,,,,,,,,,,,,,,,,,,,,,,,,,,,,,,,,,,,,,,,,,,,,,,,,,,,,,,,,,,,,,,,,,,,,
2015,Wamberal 66_11kV,20JUN2014,MW,,,,,,,,,,,,,,,,,,,,,,,,,,,,,,,,,,,,,,,,,,,,,,,,,,,,,,,,,,,,,,,,,,,,,,,,,,,,,,,,,,,,,,,,,,,,,,,,
2015,Wamberal 66_11kV,21JUN2014,MW,,,,,,,,,,,,,,,,,,,,,,,,,,,,,,,,,,,,,,,,,,,,,,,,,,,,,,,,,,,,,,,,,,,,,,,,,,,,,,,,,,,,,,,,,,,,,,,,
2015,Wamberal 66_11kV,22JUN2014,MW,,,,,,,,,,,,,,,,,,,,,,,,,,,,,,,,,,,,,,,,,,,,,,,,,,,,,,,,,,,,,,,,,,,,,,,,,,,,,,,,,,,,,,,,,,,,,,,,
2015,Wamberal 66_11kV,23JUN2014,MW,,,,,,,,,,,,,,,,,,,,,,,,,,,,,,,,,,,,,,,,,,,,,,,,,,,,,,,,,,,,,,,,,,,,,,,,,,,,,,,,,,,,,,,,,,,,,,,,
2015,Wamberal 66_11kV,24JUN2014,MW,,,,,,,,,,,,,,,,,,,,,,,,,,,,,,,,,,,,,,,,,,,,,,,,,,,,,,,,,,,,,,,,,,,,,,,,,,,,,,,,,,,,,,,,,,,,,,,,
2015,Wamberal 66_11kV,25JUN2014,MW,,,,,,,,,,,,,,,,,,,,,,,,,,,,,,,,,,,,,,,,,,,,,,,,,,,,,,,,,,,,,,,,,,,,,,,,,,,,,,,,,,,,,,,,,,,,,,,,
2015,Wamberal 66_11kV,26JUN2014,MW,,,,,,,,,,,,,,,,,,,,,,,,,,,,,,,,,,,,,,,,,,,,,,,,,,,,,,,,,,,,,,,,,,,,,,,,,,,,,,,,,,,,,,,,,,,,,,,,
2015,Wamberal 66_11kV,27JUN2014,MW,,,,,,,,,,,,,,,,,,,,,,,,,,,,,,,,,,,,,,,,,,,,,,,,,,,,,,,,,,,,,,,,,,,,,,,,,,,,,,,,,,,,,,,,,,,,,,,,
2015,Wamberal 66_11kV,28JUN2014,MW,,,,,,,,,,,,,,,,,,,,,,,,,,,,,,,,,,,,,,,,,,,,,,,,,,,,,,,,,,,,,,,,,,,,,,,,,,,,,,,,,,,,,,,,,,,,,,,,
2015,Wamberal 66_11kV,29JUN2014,MW,,,,,,,,,,,,,,,,,,,,,,,,,,,,,,,,,,,,,,,,,,,,,,,,,,,,,,,,,,,,,,,,,,,,,,,,,,,,,,,,,,,,,,,,,,,,,,,,
2015,Wamberal 66_11kV,30JUN2014,MW,,,,,,,,,,,,,,,,,,,,,,,,,,,,,,,,,,,,,,,,,,,,,,,,,,,,,,,,,,,,,,,,,,,,,,,,,,,,,,,,,,,,,,,,,,,,,,,,
2015,Wamberal 66_11kV,01JUL2014,MW,,,,,,,,,,,,,,,,,,,,,,,,,,,,,,,,,,,,,,,,,,,,,,,,,,,,,,,,,,,,,,,,,,,,,,,,,,,,,,,,,,,,,,,,,,,,,,,,
2015,Wamberal 66_11kV,02JUL2014,MW,,,,,,,,,,,,,,,,,,,,,,,,,,,,,,,,,,,,,,,,,,,,,,,,,,,,,,,,,,,,,,,,,,,,,,,,,,,,,,,,,,,,,,,,,,,,,,,,
2015,Wamberal 66_11kV,03JUL2014,MW,,,,,,,,,,,,,,,,,,,,,,,,,,,,,,,,,,,,,,,,,,,,,,,,,,,,,,,,,,,,,,,,,,,,,,,,,,,,,,,,,,,,,,,,,,,,,,,,
2015,Wamberal 66_11kV,04JUL2014,MW,,,,,,,,,,,,,,,,,,,,,,,,,,,,,,,,,,,,,,,,,,,,,,,,,,,,,,,,,,,,,,,,,,,,,,,,,,,,,,,,,,,,,,,,,,,,,,,,
2015,Wamberal 66_11kV,05JUL2014,MW,,,,,,,,,,,,,,,,,,,,,,,,,,,,,,,,,,,,,,,,,,,,,,,,,,,,,,,,,,,,,,,,,,,,,,,,,,,,,,,,,,,,,,,,,,,,,,,,
2015,Wamberal 66_11kV,06JUL2014,MW,,,,,,,,,,,,,,,,,,,,,,,,,,,,,,,,,,,,,,,,,,,,,,,,,,,,,,,,,,,,,,,,,,,,,,,,,,,,,,,,,,,,,,,,,,,,,,,,
2015,Wamberal 66_11kV,07JUL2014,MW,,,,,,,,,,,,,,,,,,,,,,,,,,,,,,,,,,,,,,,,,,,,,,,,,,,,,,,,,,,,,,,,,,,,,,,,,,,,,,,,,,,,,,,,,,,,,,,,
2015,Wamberal 66_11kV,08JUL2014,MW,,,,,,,,,,,,,,,,,,,,,,,,,,,,,,,,,,,,,,,,,,,,,,,,,,,,,,,,,,,,,,,,,,,,,,,,,,,,,,,,,,,,,,,,,,,,,,,,
2015,Wamberal 66_11kV,09JUL2014,MW,,,,,,,,,,,,,,,,,,,,,,,,,,,,,,,,,,,,,,,,,,,,,,,,,,,,,,,,,,,,,,,,,,,,,,,,,,,,,,,,,,,,,,,,,,,,,,,,
2015,Wamberal 66_11kV,10JUL2014,MW,,,,,,,,,,,,,,,,,,,,,,,,,,,,,,,,,,,,,,,,,,,,,,,,,,,,,,,,,,,,,,,,,,,,,,,,,,,,,,,,,,,,,,,,,,,,,,,,
2015,Wamberal 66_11kV,11JUL2014,MW,,,,,,,,,,,,,,,,,,,,,,,,,,,,,,,,,,,,,,,,,,,,,,,,,,,,,,,,,,,,,,,,,,,,,,,,,,,,,,,,,,,,,,,,,,,,,,,,
2015,Wamberal 66_11kV,12JUL2014,MW,,,,,,,,,,,,,,,,,,,,,,,,,,,,,,,,,,,,,,,,,,,,,,,,,,,,,,,,,,,,,,,,,,,,,,,,,,,,,,,,,,,,,,,,,,,,,,,,
2015,Wamberal 66_11kV,13JUL2014,MW,,,,,,,,,,,,,,,,,,,,,,,,,,,,,,,,,,,,,,,,,,,,,,,,,,,,,,,,,,,,,,,,,,,,,,,,,,,,,,,,,,,,,,,,,,,,,,,,
2015,Wamberal 66_11kV,14JUL2014,MW,,,,,,,,,,,,,,,,,,,,,,,,,,,,,,,,,,,,,,,,,,,,,,,,,,,,,,,,,,,,,,,,,,,,,,,,,,,,,,,,,,,,,,,,,,,,,,,,
2015,Wamberal 66_11kV,15JUL2014,MW,,,,,,,,,,,,,,,,,,,,,,,,,,,,,,,,,,,,,,,,,,,,,,,,,,,,,,,,,,,,,,,,,,,,,,,,,,,,,,,,,,,,,,,,,,,,,,,,
2015,Wamberal 66_11kV,16JUL2014,MW,,,,,,,,,,,,,,,,,,,,,,,,,,,,,,,,,,,,,,,,,,,,,,,,,,,,,,,,,,,,,,,,,,,,,,,,,,,,,,,,,,,,,,,,,,,,,,,,
2015,Wamberal 66_11kV,17JUL2014,MW,,,,,,,,,,,,,,,,,,,,,,,,,,,,,,,,,,,,,,,,,,,,,,,,,,,,,,,,,,,,,,,,,,,,,,,,,,,,,,,,,,,,,,,,,,,,,,,,
2015,Wamberal 66_11kV,18JUL2014,MW,,,,,,,,,,,,,,,,,,,,,,,,,,,,,,,,,,,,,,,,,,,,,,,,,,,,,,,,,,,,,,,,,,,,,,,,,,,,,,,,,,,,,,,,,,,,,,,,
2015,Wamberal 66_11kV,19JUL2014,MW,,,,,,,,,,,,,,,,,,,,,,,,,,,,,,,,,,,,,,,,,,,,,,,,,,,,,,,,,,,,,,,,,,,,,,,,,,,,,,,,,,,,,,,,,,,,,,,,
2015,Wamberal 66_11kV,20JUL2014,MW,,,,,,,,,,,,,,,,,,,,,,,,,,,,,,,,,,,,,,,,,,,,,,,,,,,,,,,,,,,,,,,,,,,,,,,,,,,,,,,,,,,,,,,,,,,,,,,,
2015,Wamberal 66_11kV,21JUL2014,MW,,,,,,,,,,,,,,,,,,,,,,,,,,,,,,,,,,,,,,,,,,,,,,,,,,,,,,,,,,,,,,,,,,,,,,,,,,,,,,,,,,,,,,,,,,,,,,,,
2015,Wamberal 66_11kV,22JUL2014,MW,,,,,,,,,,,,,,,,,,,,,,,,,,,,,,,,,,,,,,,,,,,,,,,,,,,,,,,,,,,,,,,,,,,,,,,,,,,,,,,,,,,,,,,,,,,,,,,,
2015,Wamberal 66_11kV,23JUL2014,MW,,,,,,,,,,,,,,,,,,,,,,,,,,,,,,,,,,,,,,,,,,,,,,,,,,,,,,,,,,,,,,,,,,,,,,,,,,,,,,,,,,,,,,,,,,,,,,,,
2015,Wamberal 66_11kV,24JUL2014,MW,,,,,,,,,,,,,,,,,,,,,,,,,,,,,,,,,,,,,,,,,,,,,,,,,,,,,,,,,,,,,,,,,,,,,,,,,,,,,,,,,,,,,,,,,,,,,,,,
2015,Wamberal 66_11kV,25JUL2014,MW,,,,,,,,,,,,,,,,,,,,,,,,,,,,,,,,,,,,,,,,,,,,,,,,,,,,,,,,,,,,,,,,,,,,,,,,,,,,,,,,,,,,,,,,,,,,,,,,
2015,Wamberal 66_11kV,26JUL2014,MW,,,,,,,,,,,,,,,,,,,,,,,,,,,,,,,,,,,,,,,,,,,,,,,,,,,,,,,,,,,,,,,,,,,,,,,,,,,,,,,,,,,,,,,,,,,,,,,,
2015,Wamberal 66_11kV,27JUL2014,MW,,,,,,,,,,,,,,,,,,,,,,,,,,,,,,,,,,,,,,,,,,,,,,,,,,,,,,,,,,,,,,,,,,,,,,,,,,,,,,,,,,,,,,,,,,,,,,,,
2015,Wamberal 66_11kV,28JUL2014,MW,,,,,,,,,,,,,,,,,,,,,,,,,,,,,,,,,,,,,,,,,,,,,,,,,,,,,,,,,,,,,,,,,,,,,,,,,,,,,,,,,,,,,,,,,,,,,,,,
2015,Wamberal 66_11kV,29JUL2014,MW,,,,,,,,,,,,,,,,,,,,,,,,,,,,,,,,,,,,,,,,,,,,,,,,,,,,,,,,,,,,,,,,,,,,,,,,,,,,,,,,,,,,,,,,,,,,,,,,
2015,Wamberal 66_11kV,30JUL2014,MW,,,,,,,,,,,,,,,,,,,,,,,,,,,,,,,,,,,,,,,,,,,,,,,,,,,,,,,,,,,,,,,,,,,,,,,,,,,,,,,,,,,,,,,,,,,,,,,,
2015,Wamberal 66_11kV,31JUL2014,MW,,,,,,,,,,,,,,,,,,,,,,,,,,,,,,,,,,,,,,,,,,,,,,,,,,,,,,,,,,,,,,,,,,,,,,,,,,,,,,,,,,,,,,,,,,,,,,,,
2015,Wamberal 66_11kV,01AUG2014,MW,,,,,,,,,,,,,,,,,,,,,,,,,,,,,,,,,,,,,,,,,,,,,,,,,,,,,,,,,,,,,,,,,,,,,,,,,,,,,,,,,,,,,,,,,,,,,,,,
2015,Wamberal 66_11kV,02AUG2014,MW,,,,,,,,,,,,,,,,,,,,,,,,,,,,,,,,,,,,,,,,,,,,,,,,,,,,,,,,,,,,,,,,,,,,,,,,,,,,,,,,,,,,,,,,,,,,,,,,
2015,Wamberal 66_11kV,03AUG2014,MW,,,,,,,,,,,,,,,,,,,,,,,,,,,,,,,,,,,,,,,,,,,,,,,,,,,,,,,,,,,,,,,,,,,,,,,,,,,,,,,,,,,,,,,,,,,,,,,,
2015,Wamberal 66_11kV,04AUG2014,MW,,,,,,,,,,,,,,,,,,,,,,,,,,,,,,,,,,,,,,,,,,,,,,,,,,,,,,,,,,,,,,,,,,,,,,,,,,,,,,,,,,,,,,,,,,,,,,,,
2015,Wamberal 66_11kV,05AUG2014,MW,,,,,,,,,,,,,,,,,,,,,,,,,,,,,,,,,,,,,,,,,,,,,,,,,,,,,,,,,,,,,,,,,,,,,,,,,,,,,,,,,,,,,,,,,,,,,,,,
2015,Wamberal 66_11kV,06AUG2014,MW,,,,,,,,,,,,,,,,,,,,,,,,,,,,,,,,,,,,,,,,,,,,,,,,,,,,,,,,,,,,,,,,,,,,,,,,,,,,,,,,,,,,,,,,,,,,,,,,
2015,Wamberal 66_11kV,07AUG2014,MW,,,,,,,,,,,,,,,,,,,,,,,,,,,,,,,,,,,,,,,,,,,,,,,,,,,,,,,,,,,,,,,,,,,,,,,,,,,,,,,,,,,,,,,,,,,,,,,,
2015,Wamberal 66_11kV,08AUG2014,MW,,,,,,,,,,,,,,,,,,,,,,,,,,,,,,,,,,,,,,,,,,,,,,,,,,,,,,,,,,,,,,,,,,,,,,,,,,,,,,,,,,,,,,,,,,,,,,,,
2015,Wamberal 66_11kV,09AUG2014,MW,,,,,,,,,,,,,,,,,,,,,,,,,,,,,,,,,,,,,,,,,,,,,,,,,,,,,,,,,,,,,,,,,,,,,,,,,,,,,,,,,,,,,,,,,,,,,,,,
2015,Wamberal 66_11kV,10AUG2014,MW,,,,,,,,,,,,,,,,,,,,,,,,,,,,,,,,,,,,,,,,,,,,,,,,,,,,,,,,,,,,,,,,,,,,,,,,,,,,,,,,,,,,,,,,,,,,,,,,
2015,Wamberal 66_11kV,11AUG2014,MW,,,,,,,,,,,,,,,,,,,,,,,,,,,,,,,,,,,,,,,,,,,,,,,,,,,,,,,,,,,,,,,,,,,,,,,,,,,,,,,,,,,,,,,,,,,,,,,,
2015,Wamberal 66_11kV,12AUG2014,MW,,,,,,,,,,,,,,,,,,,,,,,,,,,,,,,,,,,,,,,,,,,,,,,,,,,,,,,,,,,,,,,,,,,,,,,,,,,,,,,,,,,,,,,,,,,,,,,,
2015,Wamberal 66_11kV,13AUG2014,MW,,,,,,,,,,,,,,,,,,,,,,,,,,,,,,,,,,,,,,,,,,,,,,,,,,,,,,,,,,,,,,,,,,,,,,,,,,,,,,,,,,,,,,,,,,,,,,,,
2015,Wamberal 66_11kV,14AUG2014,MW,,,,,,,,,,,,,,,,,,,,,,,,,,,,,,,,,,,,,,,,,,,,,,,,,,,,,,,,,,,,,,,,,,,,,,,,,,,,,,,,,,,,,,,,,,,,,,,,
2015,Wamberal 66_11kV,15AUG2014,MW,,,,,,,,,,,,,,,,,,,,,,,,,,,,,,,,,,,,,,,,,,,,,,,,,,,,,,,,,,,,,,,,,,,,,,,,,,,,,,,,,,,,,,,,,,,,,,,,
2015,Wamberal 66_11kV,16AUG2014,MW,,,,,,,,,,,,,,,,,,,,,,,,,,,,,,,,,,,,,,,,,,,,,,,,,,,,,,,,,,,,,,,,,,,,,,,,,,,,,,,,,,,,,,,,,,,,,,,,
2015,Wamberal 66_11kV,17AUG2014,MW,,,,,,,,,,,,,,,,,,,,,,,,,,,,,,,,,,,,,,,,,,,,,,,,,,,,,,,,,,,,,,,,,,,,,,,,,,,,,,,,,,,,,,,,,,,,,,,,
2015,Wamberal 66_11kV,18AUG2014,MW,,,,,,,,,,,,,,,,,,,,,,,,,,,,,,,,,,,,,,,,,,,,,,,,,,,,,,,,,,,,,,,,,,,,,,,,,,,,,,,,,,,,,,,,,,,,,,,,
2015,Wamberal 66_11kV,19AUG2014,MW,,,,,,,,,,,,,,,,,,,,,,,,,,,,,,,,,,,,,,,,,,,,,,,,,,,,,,,,,,,,,,,,,,,,,,,,,,,,,,,,,,,,,,,,,,,,,,,,
2015,Wamberal 66_11kV,20AUG2014,MW,,,,,,,,,,,,,,,,,,,,,,,,,,,,,,,,,,,,,,,,,,,,,,,,,,,,,,,,,,,,,,,,,,,,,,,,,,,,,,,,,,,,,,,,,,,,,,,,
2015,Wamberal 66_11kV,21AUG2014,MW,,,,,,,,,,,,,,,,,,,,,,,,,,,,,,,,,,,,,,,,,,,,,,,,,,,,,,,,,,,,,,,,,,,,,,,,,,,,,,,,,,,,,,,,,,,,,,,,
2015,Wamberal 66_11kV,22AUG2014,MW,,,,,,,,,,,,,,,,,,,,,,,,,,,,,,,,,,,,,,,,,,,,,,,,,,,,,,,,,,,,,,,,,,,,,,,,,,,,,,,,,,,,,,,,,,,,,,,,
2015,Wamberal 66_11kV,23AUG2014,MW,,,,,,,,,,,,,,,,,,,,,,,,,,,,,,,,,,,,,,,,,,,,,,,,,,,,,,,,,,,,,,,,,,,,,,,,,,,,,,,,,,,,,,,,,,,,,,,,
2015,Wamberal 66_11kV,24AUG2014,MW,,,,,,,,,,,,,,,,,,,,,,,,,,,,,,,,,,,,,,,,,,,,,,,,,,,,,,,,,,,,,,,,,,,,,,,,,,,,,,,,,,,,,,,,,,,,,,,,
2015,Wamberal 66_11kV,25AUG2014,MW,,,,,,,,,,,,,,,,,,,,,,,,,,,,,,,,,,,,,,,,,,,,,,,,,,,,,,,,,,,,,,,,,,,,,,,,,,,,,,,,,,,,,,,,,,,,,,,,
2015,Wamberal 66_11kV,26AUG2014,MW,,,,,,,,,,,,,,,,,,,,,,,,,,,,,,,,,,,,,,,,,,,,,,,,,,,,,,,,,,,,,,,,,,,,,,,,,,,,,,,,,,,,,,,,,,,,,,,,
2015,Wamberal 66_11kV,27AUG2014,MW,,,,,,,,,,,,,,,,,,,,,,,,,,,,,,,,,,,,,,,,,,,,,,,,,,,,,,,,,,,,,,,,,,,,,,,,,,,,,,,,,,,,,,,,,,,,,,,,
2015,Wamberal 66_11kV,28AUG2014,MW,,,,,,,,,,,,,,,,,,,,,,,,,,,,,,,,,,,,,,,,,,,,,,,,,,,,,,,,,,,,,,,,,,,,,,,,,,,,,,,,,,,,,,,,,,,,,,,,
2015,Wamberal 66_11kV,29AUG2014,MW,,,,,,,,,,,,,,,,,,,,,,,,,,,,,,,,,,,,,,,,,,,,,,,,,,,,,,,,,,,,,,,,,,,,,,,,,,,,,,,,,,,,,,,,,,,,,,,,
2015,Wamberal 66_11kV,30AUG2014,MW,,,,,,,,,,,,,,,,,,,,,,,,,,,,,,,,,,,,,,,,,,,,,,,,,,,,,,,,,,,,,,,,,,,,,,,,,,,,,,,,,,,,,,,,,,,,,,,,
2015,Wamberal 66_11kV,31AUG2014,MW,,,,,,,,,,,,,,,,,,,,,,,,,,,,,,,,,,,,,,,,,,,,,,,,,,,,,,,,,,,,,,,,,,,,,,,,,,,,,,,,,,,,,,,,,,,,,,,,
2015,Wamberal 66_11kV,01SEP2014,MW,,,,,,,,,,,,,,,,,,,,,,,,,,,,,,,,,,,,,,,,,,,,,,,,,,,,,,,,,,,,,,,,,,,,,,,,,,,,,,,,,,,,,,,,,,,,,,,,
2015,Wamberal 66_11kV,02SEP2014,MW,,,,,,,,,,,,,,,,,,,,,,,,,,,,,,,,,,,,,,,,,,,,,,,,,,,,,,,,,,,,,,,,,,,,,,,,,,,,,,,,,,,,,,,,,,,,,,,,
2015,Wamberal 66_11kV,03SEP2014,MW,,,,,,,,,,,,,,,,,,,,,,,,,,,,,,,,,,,,,,,,,,,,,,,,,,,,,,,,,,,,,,,,,,,,,,,,,,,,,,,,,,,,,,,,,,,,,,,,
2015,Wamberal 66_11kV,04SEP2014,MW,,,,,,,,,,,,,,,,,,,,,,,,,,,,,,,,,,,,,,,,,,,,,,,,,,,,,,,,,,,,,,,,,,,,,,,,,,,,,,,,,,,,,,,,,,,,,,,,
2015,Wamberal 66_11kV,05SEP2014,MW,,,,,,,,,,,,,,,,,,,,,,,,,,,,,,,,,,,,,,,,,,,,,,,,,,,,,,,,,,,,,,,,,,,,,,,,,,,,,,,,,,,,,,,,,,,,,,,,
2015,Wamberal 66_11kV,06SEP2014,MW,,,,,,,,,,,,,,,,,,,,,,,,,,,,,,,,,,,,,,,,,,,,,,,,,,,,,,,,,,,,,,,,,,,,,,,,,,,,,,,,,,,,,,,,,,,,,,,,
2015,Wamberal 66_11kV,07SEP2014,MW,,,,,,,,,,,,,,,,,,,,,,,,,,,,,,,,,,,,,,,,,,,,,,,,,,,,,,,,,,,,,,,,,,,,,,,,,,,,,,,,,,,,,,,,,,,,,,,,
2015,Wamberal 66_11kV,08SEP2014,MW,,,,,,,,,,,,,,,,,,,,,,,,,,,,,,,,,,,,,,,,,,,,,,,,,,,,,,,,,,,,,,,,,,,,,,,,,,,,,,,,,,,,,,,,,,,,,,,,
2015,Wamberal 66_11kV,09SEP2014,MW,,,,,,,,,,,,,,,,,,,,,,,,,,,,,,,,,,,,,,,,,,,,,,,,,,,,,,,,,,,,,,,,,,,,,,,,,,,,,,,,,,,,,,,,,,,,,,,,
2015,Wamberal 66_11kV,10SEP2014,MW,,,,,,,,,,,,,,,,,,,,,,,,,,,,,,,,,,,,,,,,,,,,,,,,,,,,,,,,,,,,,,,,,,,,,,,,,,,,,,,,,,,,,,,,,,,,,,,,
2015,Wamberal 66_11kV,11SEP2014,MW,,,,,,,,,,,,,,,,,,,,,,,,,,,,,,,,,,,,,,,,,,,,,,,,,,,,,,,,,,,,,,,,,,,,,,,,,,,,,,,,,,,,,,,,,,,,,,,,
2015,Wamberal 66_11kV,12SEP2014,MW,,,,,,,,,,,,,,,,,,,,,,,,,,,,,,,,,,,,,,,,,,,,,,,,,,,,,,,,,,,,,,,,,,,,,,,,,,,,,,,,,,,,,,,,,,,,,,,,
2015,Wamberal 66_11kV,13SEP2014,MW,,,,,,,,,,,,,,,,,,,,,,,,,,,,,,,,,,,,,,,,,,,,,,,,,,,,,,,,,,,,,,,,,,,,,,,,,,,,,,,,,,,,,,,,,,,,,,,,
2015,Wamberal 66_11kV,14SEP2014,MW,,,,,,,,,,,,,,,,,,,,,,,,,,,,,,,,,,,,,,,,,,,,,,,,,,,,,,,,,,,,,,,,,,,,,,,,,,,,,,,,,,,,,,,,,,,,,,,,
2015,Wamberal 66_11kV,15SEP2014,MW,,,,,,,,,,,,,,,,,,,,,,,,,,,,,,,,,,,,,,,,,,,,,,,,,,,,,,,,,,,,,,,,,,,,,,,,,,,,,,,,,,,,,,,,,,,,,,,,
2015,Wamberal 66_11kV,16SEP2014,MW,,,,,,,,,,,,,,,,,,,,,,,,,,,,,,,,,,,,,,,,,,,,,,,,,,,,,,,,,,,,,,,,,,,,,,,,,,,,,,,,,,,,,,,,,,,,,,,,
2015,Wamberal 66_11kV,17SEP2014,MW,,,,,,,,,,,,,,,,,,,,,,,,,,,,,,,,,,,,,,,,,,,,,,,,,,,,,,,,,,,,,,,,,,,,,,,,,,,,,,,,,,,,,,,,,,,,,,,,
2015,Wamberal 66_11kV,18SEP2014,MW,,,,,,,,,,,,,,,,,,,,,,,,,,,,,,,,,,,,,,,,,,,,,,,,,,,,,,,,,,,,,,,,,,,,,,,,,,,,,,,,,,,,,,,,,,,,,,,,
2015,Wamberal 66_11kV,19SEP2014,MW,,,,,,,,,,,,,,,,,,,,,,,,,,,,,,,,,,,,,,,,,,,,,,,,,,,,,,,,,,,,,,,,,,,,,,,,,,,,,,,,,,,,,,,,,,,,,,,,
2015,Wamberal 66_11kV,20SEP2014,MW,,,,,,,,,,,,,,,,,,,,,,,,,,,,,,,,,,,,,,,,,,,,,,,,,,,,,,,,,,,,,,,,,,,,,,,,,,,,,,,,,,,,,,,,,,,,,,,,
2015,Wamberal 66_11kV,21SEP2014,MW,,,,,,,,,,,,,,,,,,,,,,,,,,,,,,,,,,,,,,,,,,,,,,,,,,,,,,,,,,,,,,,,,,,,,,,,,,,,,,,,,,,,,,,,,,,,,,,,
2015,Wamberal 66_11kV,22SEP2014,MW,,,,,,,,,,,,,,,,,,,,,,,,,,,,,,,,,,,,,,,,,,,,,,,,,,,,,,,,,,,,,,,,,,,,,,,,,,,,,,,,,,,,,,,,,,,,,,,,
2015,Wamberal 66_11kV,23SEP2014,MW,,,,,,,,,,,,,,,,,,,,,,,,,,,,,,,,,,,,,,,,,,,,,,,,,,,,,,,,,,,,,,,,,,,,,,,,,,,,,,,,,,,,,,,,,,,,,,,,
2015,Wamberal 66_11kV,24SEP2014,MW,,,,,,,,,,,,,,,,,,,,,,,,,,,,,,,,,,,,,,,,,,,,,,,,,,,,,,,,,,,,,,,,,,,,,,,,,,,,,,,,,,,,,,,,,,,,,,,,
2015,Wamberal 66_11kV,25SEP2014,MW,,,,,,,,,,,,,,,,,,,,,,,,,,,,,,,,,,,,,,,,,,,,,,,,,,,,,,,,,,,,,,,,,,,,,,,,,,,,,,,,,,,,,,,,,,,,,,,,
2015,Wamberal 66_11kV,26SEP2014,MW,,,,,,,,,,,,,,,,,,,,,,,,,,,,,,,,,,,,,,,,,,,,,,,,,,,,,,,,,,,,,,,,,,,,,,,,,,,,,,,,,,,,,,,,,,,,,,,,
2015,Wamberal 66_11kV,27SEP2014,MW,,,,,,,,,,,,,,,,,,,,,,,,,,,,,,,,,,,,,,,,,,,,,,,,,,,,,,,,,,,,,,,,,,,,,,,,,,,,,,,,,,,,,,,,,,,,,,,,
2015,Wamberal 66_11kV,28SEP2014,MW,,,,,,,,,,,,,,,,,,,,,,,,,,,,,,,,,,,,,,,,,,,,,,,,,,,,,,,,,,,,,,,,,,,,,,,,,,,,,,,,,,,,,,,,,,,,,,,,
2015,Wamberal 66_11kV,29SEP2014,MW,,,,,,,,,,,,,,,,,,,,,,,,,,,,,,,,,,,,,,,,,,,,,,,,,,,,,,,,,,,,,,,,,,,,,,,,,,,,,,,,,,,,,,,,,,,,,,,,
2015,Wamberal 66_11kV,30SEP2014,MW,,,,,,,,,,,,,,,,,,,,,,,,,,,,,,,,,,,,,,,,,,,,,,,,,,,,,,,,,,,,,,,,,,,,,,,,,,,,,,,,,,,,,,,,,,,,,,,,
2015,Wamberal 66_11kV,01OCT2014,MW,,,,,,,,,,,,,,,,,,,,,,,,,,,,,,,,,,,,,,,,,,,,,,,,,,,,,,,,,,,,,,,,,,,,,,,,,,,,,,,,,,,,,,,,,,,,,,,,
2015,Wamberal 66_11kV,02OCT2014,MW,,,,,,,,,,,,,,,,,,,,,,,,,,,,,,,,,,,,,,,,,,,,,,,,,,,,,,,,,,,,,,,,,,,,,,,,,,,,,,,,,,,,,,,,,,,,,,,,
2015,Wamberal 66_11kV,03OCT2014,MW,,,,,,,,,,,,,,,,,,,,,,,,,,,,,,,,,,,,,,,,,,,,,,,,,,,,,,,,,,,,,,,,,,,,,,,,,,,,,,,,,,,,,,,,,,,,,,,,
2015,Wamberal 66_11kV,04OCT2014,MW,,,,,,,,,,,,,,,,,,,,,,,,,,,,,,,,,,,,,,,,,,,,,,,,,,,,,,,,,,,,,,,,,,,,,,,,,,,,,,,,,,,,,,,,,,,,,,,,
2015,Wamberal 66_11kV,05OCT2014,MW,,,,,,,,,,,,,,,,,,,,,,,,,,,,,,,,,,,,,,,,,,,,,,,,,,,,,,,,,,,,,,,,,,,,,,,,,,,,,,,,,,,,,,,,,,,,,,,,
2015,Wamberal 66_11kV,06OCT2014,MW,,,,,,,,,,,,,,,,,,,,,,,,,,,,,,,,,,,,,,,,,,,,,,,,,,,,,,,,,,,,,,,,,,,,,,,,,,,,,,,,,,,,,,,,,,,,,,,,
2015,Wamberal 66_11kV,07OCT2014,MW,,,,,,,,,,,,,,,,,,,,,,,,,,,,,,,,,,,,,,,,,,,,,,,,,,,,,,,,,,,,,,,,,,,,,,,,,,,,,,,,,,,,,,,,,,,,,,,,
2015,Wamberal 66_11kV,08OCT2014,MW,,,,,,,,,,,,,,,,,,,,,,,,,,,,,,,,,,,,,,,,,,,,,,,,,,,,,,,,,,,,,,,,,,,,,,,,,,,,,,,,,,,,,,,,,,,,,,,,
2015,Wamberal 66_11kV,09OCT2014,MW,,,,,,,,,,,,,,,,,,,,,,,,,,,,,,,,,,,,,,,,,,,,,,,,,,,,,,,,,,,,,,,,,,,,,,,,,,,,,,,,,,,,,,,,,,,,,,,,
2015,Wamberal 66_11kV,10OCT2014,MW,,,,,,,,,,,,,,,,,,,,,,,,,,,,,,,,,,,,,,,,,,,,,,,,,,,,,,,,,,,,,,,,,,,,,,,,,,,,,,,,,,,,,,,,,,,,,,,,
2015,Wamberal 66_11kV,11OCT2014,MW,,,,,,,,,,,,,,,,,,,,,,,,,,,,,,,,,,,,,,,,,,,,,,,,,,,,,,,,,,,,,,,,,,,,,,,,,,,,,,,,,,,,,,,,,,,,,,,,
2015,Wamberal 66_11kV,12OCT2014,MW,,,,,,,,,,,,,,,,,,,,,,,,,,,,,,,,,,,,,,,,,,,,,,,,,,,,,,,,,,,,,,,,,,,,,,,,,,,,,,,,,,,,,,,,,,,,,,,,
2015,Wamberal 66_11kV,13OCT2014,MW,,,,,,,,,,,,,,,,,,,,,,,,,,,,,,,,,,,,,,,,,,,,,,,,,,,,,,,,,,,,,,,,,,,,,,,,,,,,,,,,,,,,,,,,,,,,,,,,
2015,Wamberal 66_11kV,14OCT2014,MW,,,,,,,,,,,,,,,,,,,,,,,,,,,,,,,,,,,,,,,,,,,,,,,,,,,,,,,,,,,,,,,,,,,,,,,,,,,,,,,,,,,,,,,,,,,,,,,,
2015,Wamberal 66_11kV,15OCT2014,MW,,,,,,,,,,,,,,,,,,,,,,,,,,,,,,,,,,,,,,,,,,,,,,,,,,,,,,,,,,,,,,,,,,,,,,,,,,,,,,,,,,,,,,,,,,,,,,,,
2015,Wamberal 66_11kV,16OCT2014,MW,,,,,,,,,,,,,,,,,,,,,,,,,,,,,,,,,,,,,,,,,,,,,,,,,,,,,,,,,,,,,,,,,,,,,,,,,,,,,,,,,,,,,,,,,,,,,,,,
2015,Wamberal 66_11kV,17OCT2014,MW,,,,,,,,,,,,,,,,,,,,,,,,,,,,,,,,,,,,,,,,,,,,,,,,,,,,,,,,,,,,,,,,,,,,,,,,,,,,,,,,,,,,,,,,,,,,,,,,
2015,Wamberal 66_11kV,18OCT2014,MW,,,,,,,,,,,,,,,,,,,,,,,,,,,,,,,,,,,,,,,,,,,,,,,,,,,,,,,,,,,,,,,,,,,,,,,,,,,,,,,,,,,,,,,,,,,,,,,,
2015,Wamberal 66_11kV,19OCT2014,MW,,,,,,,,,,,,,,,,,,,,,,,,,,,,,,,,,,,,,,,,,,,,,,,,,,,,,,,,,,,,,,,,,,,,,,,,,,,,,,,,,,,,,,,,,,,,,,,,
2015,Wamberal 66_11kV,20OCT2014,MW,,,,,,,,,,,,,,,,,,,,,,,,,,,,,,,,,,,,,,,,,,,,,,,,,,,,,,,,,,,,,,,,,,,,,,,,,,,,,,,,,,,,,,,,,,,,,,,,
2015,Wamberal 66_11kV,21OCT2014,MW,,,,,,,,,,,,,,,,,,,,,,,,,,,,,,,,,,,,,,,,,,,,,,,,,,,,,,,,,,,,,,,,,,,,,,,,,,,,,,,,,,,,,,,,,,,,,,,,
2015,Wamberal 66_11kV,22OCT2014,MW,,,,,,,,,,,,,,,,,,,,,,,,,,,,,,,,,,,,,,,,,,,,,,,,,,,,,,,,,,,,,,,,,,,,,,,,,,,,,,,,,,,,,,,,,,,,,,,,
2015,Wamberal 66_11kV,23OCT2014,MW,,,,,,,,,,,,,,,,,,,,,,,,,,,,,,,,,,,,,,,,,,,,,,,,,,,,,,,,,,,,,,,,,,,,,,,,,,,,,,,,,,,,,,,,,,,,,,,,
2015,Wamberal 66_11kV,24OCT2014,MW,,,,,,,,,,,,,,,,,,,,,,,,,,,,,,,,,,,,,,,,,,,,,,,,,,,,,,,,,,,,,,,,,,,,,,,,,,,,,,,,,,,,,,,,,,,,,,,,
2015,Wamberal 66_11kV,25OCT2014,MW,,,,,,,,,,,,,,,,,,,,,,,,,,,,,,,,,,,,,,,,,,,,,,,,,,,,,,,,,,,,,,,,,,,,,,,,,,,,,,,,,,,,,,,,,,,,,,,,
2015,Wamberal 66_11kV,26OCT2014,MW,,,,,,,,,,,,,,,,,,,,,,,,,,,,,,,,,,,,,,,,,,,,,,,,,,,,,,,,,,,,,,,,,,,,,,,,,,,,,,,,,,,,,,,,,,,,,,,,
2015,Wamberal 66_11kV,27OCT2014,MW,,,,,,,,,,,,,,,,,,,,,,,,,,,,,,,,,,,,,,,,,,,,,,,,,,,,,,,,,,,,,,,,,,,,,,,,,,,,,,,,,,,,,,,,,,,,,,,,
2015,Wamberal 66_11kV,28OCT2014,MW,,,,,,,,,,,,,,,,,,,,,,,,,,,,,,,,,,,,,,,,,,,,,,,,,,,,,,,,,,,,,,,,,,,,,,,,,,,,,,,,,,,,,,,,,,,,,,,,
2015,Wamberal 66_11kV,29OCT2014,MW,,,,,,,,,,,,,,,,,,,,,,,,,,,,,,,,,,,,,,,,,,,,,,,,,,,,,,,,,,,,,,,,,,,,,,,,,,,,,,,,,,,,,,,,,,,,,,,,
2015,Wamberal 66_11kV,30OCT2014,MW,,,,,,,,,,,,,,,,,,,,,,,,,,,,,,,,,,,,,,,,,,,,,,,,,,,,,,,,,,,,,,,,,,,,,,,,,,,,,,,,,,,,,,,,,,,,,,,,
2015,Wamberal 66_11kV,31OCT2014,MW,,,,,,,,,,,,,,,,,,,,,,,,,,,,,,,,,,,,,,,,,,,,,,,,,,,,,,,,,,,,,,,,,,,,,,,,,,,,,,,,,,,,,,,,,,,,,,,,
2015,Wamberal 66_11kV,01NOV2014,MW,,,,,,,,,,,,,,,,,,,,,,,,,,,,,,,,,,,,,,,,,,,,,,,,,,,,,,,,,,,,,,,,,,,,,,,,,,,,,,,,,,,,,,,,,,,,,,,,
2015,Wamberal 66_11kV,02NOV2014,MW,,,,,,,,,,,,,,,,,,,,,,,,,,,,,,,,,,,,,,,,,,,,,,,,,,,,,,,,,,,,,,,,,,,,,,,,,,,,,,,,,,,,,,,,,,,,,,,,
2015,Wamberal 66_11kV,03NOV2014,MW,,,,,,,,,,,,,,,,,,,,,,,,,,,,,,,,,,,,,,,,,,,,,,,,,,,,,,,,,,,,,,,,,,,,,,,,,,,,,,,,,,,,,,,,,,,,,,,,
2015,Wamberal 66_11kV,04NOV2014,MW,,,,,,,,,,,,,,,,,,,,,,,,,,,,,,,,,,,,,,,,,,,,,,,,,,,,,,,,,,,,,,,,,,,,,,,,,,,,,,,,,,,,,,,,,,,,,,,,
2015,Wamberal 66_11kV,05NOV2014,MW,,,,,,,,,,,,,,,,,,,,,,,,,,,,,,,,,,,,,,,,,,,,,,,,,,,,,,,,,,,,,,,,,,,,,,,,,,,,,,,,,,,,,,,,,,,,,,,,
2015,Wamberal 66_11kV,06NOV2014,MW,,,,,,,,,,,,,,,,,,,,,,,,,,,,,,,,,,,,,,,,,,,,,,,,,,,,,,,,,,,,,,,,,,,,,,,,,,,,,,,,,,,,,,,,,,,,,,,,
2015,Wamberal 66_11kV,07NOV2014,MW,,,,,,,,,,,,,,,,,,,,,,,,,,,,,,,,,,,,,,,,,,,,,,,,,,,,,,,,,,,,,,,,,,,,,,,,,,,,,,,,,,,,,,,,,,,,,,,,
2015,Wamberal 66_11kV,08NOV2014,MW,,,,,,,,,,,,,,,,,,,,,,,,,,,,,,,,,,,,,,,,,,,,,,,,,,,,,,,,,,,,,,,,,,,,,,,,,,,,,,,,,,,,,,,,,,,,,,,,
2015,Wamberal 66_11kV,09NOV2014,MW,,,,,,,,,,,,,,,,,,,,,,,,,,,,,,,,,,,,,,,,,,,,,,,,,,,,,,,,,,,,,,,,,,,,,,,,,,,,,,,,,,,,,,,,,,,,,,,,
2015,Wamberal 66_11kV,10NOV2014,MW,,,,,,,,,,,,,,,,,,,,,,,,,,,,,,,,,,,,,,,,,,,,,,,,,,,,,,,,,,,,,,,,,,,,,,,,,,,,,,,,,,,,,,,,,,,,,,,,
2015,Wamberal 66_11kV,11NOV2014,MW,,,,,,,,,,,,,,,,,,,,,,,,,,,,,,,,,,,,,,,,,,,,,,,,,,,,,,,,,,,,,,,,,,,,,,,,,,,,,,,,,,,,,,,,,,,,,,,,
2015,Wamberal 66_11kV,12NOV2014,MW,,,,,,,,,,,,,,,,,,,,,,,,,,,,,,,,,,,,,,,,,,,,,,,,,,,,,,,,,,,,,,,,,,,,,,,,,,,,,,,,,,,,,,,,,,,,,,,,
2015,Wamberal 66_11kV,13NOV2014,MW,,,,,,,,,,,,,,,,,,,,,,,,,,,,,,,,,,,,,,,,,,,,,,,,,,,,,,,,,,,,,,,,,,,,,,,,,,,,,,,,,,,,,,,,,,,,,,,,
2015,Wamberal 66_11kV,14NOV2014,MW,,,,,,,,,,,,,,,,,,,,,,,,,,,,,,,,,,,,,,,,,,,,,,,,,,,,,,,,,,,,,,,,,,,,,,,,,,,,,,,,,,,,,,,,,,,,,,,,
2015,Wamberal 66_11kV,15NOV2014,MW,,,,,,,,,,,,,,,,,,,,,,,,,,,,,,,,,,,,,,,,,,,,,,,,,,,,,,,,,,,,,,,,,,,,,,,,,,,,,,,,,,,,,,,,,,,,,,,,
2015,Wamberal 66_11kV,16NOV2014,MW,,,,,,,,,,,,,,,,,,,,,,,,,,,,,,,,,,,,,,,,,,,,,,,,,,,,,,,,,,,,,,,,,,,,,,,,,,,,,,,,,,,,,,,,,,,,,,,,
2015,Wamberal 66_11kV,17NOV2014,MW,,,,,,,,,,,,,,,,,,,,,,,,,,,,,,,,,,,,,,,,,,,,,,,,,,,,,,,,,,,,,,,,,,,,,,,,,,,,,,,,,,,,,,,,,,,,,,,,
2015,Wamberal 66_11kV,18NOV2014,MW,,,,,,,,,,,,,,,,,,,,,,,,,,,,,,,,,,,,,,,,,,,,,,,,,,,,,,,,,,,,,,,,,,,,,,,,,,,,,,,,,,,,,,,,,,,,,,,,
2015,Wamberal 66_11kV,19NOV2014,MW,,,,,,,,,,,,,,,,,,,,,,,,,,,,,,,,,,,,,,,,,,,,,,,,,,,,,,,,,,,,,,,,,,,,,,,,,,,,,,,,,,,,,,,,,,,,,,,,
2015,Wamberal 66_11kV,20NOV2014,MW,,,,,,,,,,,,,,,,,,,,,,,,,,,,,,,,,,,,,,,,,,,,,,,,,,,,,,,,,,,,,,,,,,,,,,,,,,,,,,,,,,,,,,,,,,,,,,,,
2015,Wamberal 66_11kV,21NOV2014,MW,,,,,,,,,,,,,,,,,,,,,,,,,,,,,,,,,,,,,,,,,,,,,,,,,,,,,,,,,,,,,,,,,,,,,,,,,,,,,,,,,,,,,,,,,,,,,,,,
2015,Wamberal 66_11kV,22NOV2014,MW,,,,,,,,,,,,,,,,,,,,,,,,,,,,,,,,,,,,,,,,,,,,,,,,,,,,,,,,,,,,,,,,,,,,,,,,,,,,,,,,,,,,,,,,,,,,,,,,
2015,Wamberal 66_11kV,23NOV2014,MW,,,,,,,,,,,,,,,,,,,,,,,,,,,,,,,,,,,,,,,,,,,,,,,,,,,,,,,,,,,,,,,,,,,,,,,,,,,,,,,,,,,,,,,,,,,,,,,,
2015,Wamberal 66_11kV,24NOV2014,MW,,,,,,,,,,,,,,,,,,,,,,,,,,,,,,,,,,,,,,,,,,,,,,,,,,,,,,,,,,,,,,,,,,,,,,,,,,,,,,,,,,,,,,,,,,,,,,,,
2015,Wamberal 66_11kV,25NOV2014,MW,,,,,,,,,,,,,,,,,,,,,,,,,,,,,,,,,,,,,,,,,,,,,,,,,,,,,,,,,,,,,,,,,,,,,,,,,,,,,,,,,,,,,,,,,,,,,,,,
2015,Wamberal 66_11kV,26NOV2014,MW,,,,,,,,,,,,,,,,,,,,,,,,,,,,,,,,,,,,,,,,,,,,,,,,,,,,,,,,,,,,,,,,,,,,,,,,,,,,,,,,,,,,,,,,,,,,,,,,
2015,Wamberal 66_11kV,27NOV2014,MW,,,,,,,,,,,,,,,,,,,,,,,,,,,,,,,,,,,,,,,,,,,,,,,,,,,,,,,,,,,,,,,,,,,,,,,,,,,,,,,,,,,,,,,,,,,,,,,,
2015,Wamberal 66_11kV,28NOV2014,MW,,,,,,,,,,,,,,,,,,,,,,,,,,,,,,,,,,,,,,,,,,,,,,,,,,,,,,,,,,,,,,,,,,,,,,,,,,,,,,,,,,,,,,,,,,,,,,,,
2015,Wamberal 66_11kV,29NOV2014,MW,,,,,,,,,,,,,,,,,,,,,,,,,,,,,,,,,,,,,,,,,,,,,,,,,,,,,,,,,,,,,,,,,,,,,,,,,,,,,,,,,,,,,,,,,,,,,,,,
2015,Wamberal 66_11kV,30NOV2014,MW,,,,,,,,,,,,,,,,,,,,,,,,,,,,,,,,,,,,,,,,,,,,,,,,,,,,,,,,,,,,,,,,,,,,,,,,,,,,,,,,,,,,,,,,,,,,,,,,
2015,Wamberal 66_11kV,01DEC2014,MW,,,,,,,,,,,,,,,,,,,,,,,,,,,,,,,,,,,,,,,,,,,,,,,,,,,,,,,,,,,,,,,,,,,,,,,,,,,,,,,,,,,,,,,,,,,,,,,,
2015,Wamberal 66_11kV,02DEC2014,MW,,,,,,,,,,,,,,,,,,,,,,,,,,,,,,,,,,,,,,,,,,,,,,,,,,,,,,,,,,,,,,,,,0.34295,5.91582,5.89867,6.03585,6.07015,6.15588,6.27591,6.22447,6.25877,6.46453,6.36165,6.31021,6.31021,6.31021,6.46453,6.48168,6.97895,6.73889,7.01325,6.58456,6.72174,6.20732,5.89867,5.53858,5.31566,6.20732,6.34450,5.65861,6.31021,5.77864,5.96726,5.45284
2015,Wamberal 66_11kV,03DEC2014,MW,5.00701,6.19018,6.25877,5.57287,5.28137,5.26422,5.59002,5.05845,4.76695,4.26968,3.94388,3.66952,3.54949,3.39517,3.29228,3.29228,3.24084,3.32658,3.32658,3.44661,3.51520,3.51520,3.75526,3.90959,4.06391,4.54404,4.74980,4.80124,4.62977,4.68121,4.81839,4.74980,4.74980,4.86983,4.92128,5.04131,5.04131,5.05845,5.14419,5.36711,5.43570,5.64146,5.60717,5.76149,5.91582,5.96726,6.24162,6.48168,6.67030,6.68745,6.97895,6.84177,6.87607,7.03039,7.08184,7.08184,7.23616,7.04754,7.11613,7.23616,6.92751,7.08184,7.20187,7.45908,7.23616,7.21901,7.13328,7.08184,7.04754,7.27046,7.52767,7.76773,7.80202,4.21824,0.05144,0.05144,0.05144,0.05144,0.05144,0.05144,0.05144,0.05144,0.05144,0.05144,0.05144,0.05144,0.05144,0.05144,0.05144,0.05144,0.05144,0.05144,0.05144,0.05144,0.05144,0.05144
2015,Wamberal 66_11kV,04DEC2014,MW,0.05144,0.05144,0.05144,0.05144,0.05144,0.05144,0.05144,0.05144,0.05144,0.05144,0.05144,0.05144,0.05144,0.05144,0.05144,0.05144,0.05144,0.05144,0.05144,0.05144,0.05144,0.05144,0.05144,0.05144,0.05144,0.05144,0.05144,0.05144,0.05144,0.05144,0.05144,0.05144,0.05144,0.05144,0.05144,0.05144,0.05144,0.05144,0.05144,0.05144,0.05144,0.05144,0.05144,0.05144,0.05144,0.05144,0.05144,0.05144,0.05144,0.05144,0.05144,0.05144,0.05144,0.05144,0.05144,0.05144,0.05144,0.05144,0.05144,0.05144,0.05144,0.05144,0.05144,0.05144,0.05144,0.05144,0.05144,0.05144,0.05144,0.05144,0.05144,0.05144,0.05144,0.05144,0.05144,0.05144,0.05144,0.05144,0.05144,0.05144,0.05144,0.05144,0.05144,0.05144,0.05144,0.05144,0.05144,0.05144,0.05144,0.05144,0.05144,0.05144,0.05144,0.05144,0.05144,0.05144
2015,Wamberal 66_11kV,05DEC2014,MW,0.05144,0.05144,0.05144,0.05144,0.05144,0.05144,0.05144,0.05144,0.05144,0.05144,0.05144,0.05144,0.05144,0.05144,0.05144,0.05144,0.05144,0.05144,0.05144,0.05144,0.05144,0.05144,0.05144,0.05144,0.05144,0.05144,0.05144,0.05144,0.05144,0.05144,0.05144,0.05144,0.05144,0.05144,0.05144,0.05144,0.05144,0.05144,0.05144,0.05144,0.05144,0.05144,0.05144,0.05144,0.05144,0.05144,0.05144,0.05144,0.05144,0.05144,0.05144,0.05144,0.05144,0.05144,0.05144,0.05144,0.05144,0.05144,0.05144,0.05144,0.05144,0.05144,0.05144,0.05144,0.05144,0.05144,0.05144,0.05144,0.05144,0.05144,0.05144,0.05144,0.05144,0.05144,0.05144,0.05144,0.05144,0.05144,0.05144,0.05144,0.05144,0.05144,0.05144,0.05144,0.05144,0.05144,0.05144,0.05144,0.05144,0.05144,0.05144,0.05144,0.05144,0.05144,0.05144,0.05144
2015,Wamberal 66_11kV,06DEC2014,MW,0.05144,0.05144,0.05144,0.05144,0.05144,0.05144,0.05144,0.05144,0.05144,0.05144,0.05144,0.05144,0.05144,0.05144,0.05144,0.05144,0.05144,0.05144,0.05144,0.05144,0.05144,0.05144,0.05144,0.05144,0.05144,0.05144,0.05144,0.05144,0.05144,0.05144,0.05144,0.05144,0.05144,0.05144,0.05144,0.05144,0.05144,0.05144,0.05144,0.05144,0.05144,0.05144,0.05144,0.05144,0.05144,0.05144,0.05144,0.05144,0.05144,0.05144,0.05144,0.05144,0.05144,0.05144,0.05144,0.05144,0.05144,0.05144,0.05144,0.05144,0.05144,0.05144,0.05144,0.05144,0.05144,0.05144,0.05144,0.05144,0.05144,0.05144,0.05144,0.05144,0.05144,0.05144,0.05144,0.05144,0.05144,0.05144,0.05144,0.05144,0.05144,0.05144,0.05144,0.05144,0.05144,0.05144,0.05144,0.05144,0.05144,0.05144,0.05144,0.05144,0.05144,0.05144,0.05144,0.05144
2015,Wamberal 66_11kV,07DEC2014,MW,0.05144,0.05144,0.05144,0.05144,0.05144,0.05144,0.05144,0.05144,0.05144,0.05144,0.05144,0.05144,0.05144,0.05144,0.05144,0.05144,0.05144,0.05144,0.05144,0.05144,0.05144,0.05144,0.05144,0.05144,0.05144,0.05144,0.05144,0.05144,0.05144,0.05144,0.05144,0.05144,0.05144,0.05144,0.05144,0.05144,0.05144,0.05144,0.05144,0.05144,0.05144,0.05144,0.05144,0.05144,0.05144,0.05144,0.05144,0.05144,0.05144,0.05144,0.05144,0.05144,0.05144,0.05144,0.05144,0.05144,0.05144,0.05144,0.05144,0.05144,0.05144,0.05144,0.05144,0.05144,0.05144,0.05144,0.05144,0.05144,0.05144,0.05144,0.05144,0.05144,0.05144,0.05144,0.05144,0.05144,0.05144,0.05144,0.05144,0.05144,0.05144,0.05144,0.05144,0.05144,0.05144,0.05144,0.05144,0.05144,0.05144,0.05144,0.05144,0.05144,0.05144,0.05144,0.05144,0.05144
2015,Wamberal 66_11kV,08DEC2014,MW,0.05144,0.05144,0.05144,0.05144,0.05144,0.05144,0.05144,0.05144,0.05144,0.05144,0.05144,0.05144,0.05144,0.05144,0.05144,0.05144,0.05144,0.05144,0.05144,0.05144,0.05144,0.05144,0.05144,0.05144,0.05144,0.05144,0.05144,0.05144,0.05144,0.05144,0.05144,0.05144,0.05144,0.05144,0.05144,0.05144,0.05144,0.05144,0.05144,0.05144,0.05144,0.05144,0.05144,0.05144,0.05144,0.05144,0.05144,0.05144,0.05144,0.05144,0.05144,0.05144,0.05144,0.05144,0.05144,0.05144,0.05144,0.05144,0.05144,0.05144,0.05144,0.05144,0.05144,0.05144,0.05144,0.05144,0.05144,0.05144,0.05144,0.05144,0.05144,0.05144,0.05144,0.05144,0.05144,0.05144,0.05144,0.05144,0.05144,0.05144,0.05144,0.05144,0.05144,0.05144,0.05144,0.05144,0.05144,0.05144,0.05144,0.05144,0.05144,0.05144,0.05144,0.05144,0.05144,0.05144
2015,Wamberal 66_11kV,09DEC2014,MW,0.05144,0.05144,0.05144,0.05144,0.05144,0.05144,0.05144,0.05144,0.05144,0.05144,0.05144,0.05144,0.05144,0.05144,0.05144,0.05144,0.05144,0.05144,0.05144,0.05144,0.05144,0.05144,0.05144,0.05144,0.05144,0.05144,0.05144,0.05144,0.05144,0.05144,0.05144,0.05144,0.05144,0.05144,0.05144,0.05144,0.05144,0.05144,0.05144,0.05144,0.05144,0.05144,0.05144,0.05144,0.05144,0.05144,0.05144,0.05144,0.05144,0.05144,0.05144,0.05144,0.05144,0.05144,0.05144,0.05144,0.05144,0.05144,0.05144,0.05144,0.05144,0.05144,0.05144,0.05144,0.05144,0.05144,0.05144,0.05144,0.05144,0.05144,0.05144,0.05144,0.05144,0.05144,0.05144,0.05144,0.05144,0.05144,0.05144,0.05144,0.05144,0.05144,0.05144,0.05144,0.05144,0.05144,0.05144,0.05144,0.05144,0.05144,0.05144,0.05144,0.05144,0.05144,0.05144,0.05144
2015,Wamberal 66_11kV,10DEC2014,MW,0.05144,0.05144,0.05144,0.05144,0.05144,0.05144,0.05144,0.05144,0.05144,0.05144,0.05144,0.05144,0.05144,0.05144,0.05144,0.05144,0.05144,0.05144,0.05144,0.05144,0.05144,0.05144,0.05144,0.05144,0.05144,0.05144,0.05144,0.05144,0.05144,0.05144,0.05144,0.05144,0.05144,0.05144,0.05144,0.05144,0.05144,0.05144,0.05144,0.05144,0.05144,0.05144,0.05144,0.05144,0.05144,0.05144,0.05144,0.05144,0.05144,0.05144,0.05144,0.05144,0.05144,0.05144,0.05144,0.05144,0.05144,0.05144,0.05144,0.05144,0.05144,0.05144,0.05144,0.05144,0.05144,0.05144,0.05144,0.05144,0.05144,0.05144,0.05144,0.05144,0.05144,0.05144,0.05144,0.05144,0.05144,0.05144,0.05144,0.05144,0.05144,0.05144,0.05144,0.05144,0.05144,0.05144,0.05144,0.05144,0.05144,0.05144,0.05144,0.05144,0.05144,0.05144,0.05144,0.05144
2015,Wamberal 66_11kV,11DEC2014,MW,0.05144,0.05144,0.05144,0.05144,0.05144,0.05144,0.05144,0.05144,0.05144,0.05144,0.05144,0.05144,0.05144,0.05144,0.05144,0.05144,0.05144,0.05144,0.05144,0.05144,0.05144,0.05144,0.05144,0.05144,0.05144,0.05144,0.05144,0.05144,0.05144,0.05144,0.05144,0.05144,0.05144,0.05144,0.05144,0.05144,0.05144,0.05144,0.05144,0.05144,0.05144,0.05144,0.05144,0.05144,0.05144,0.05144,0.05144,0.05144,0.05144,0.05144,0.05144,0.05144,0.05144,0.05144,0.05144,0.05144,0.05144,0.05144,0.05144,0.05144,0.05144,0.05144,0.05144,0.05144,0.05144,0.05144,0.05144,0.05144,0.05144,0.05144,0.05144,0.05144,0.05144,0.05144,0.05144,0.05144,0.05144,0.05144,0.05144,0.05144,0.05144,0.05144,0.05144,0.05144,0.05144,0.05144,0.05144,0.05144,0.05144,0.05144,0.05144,0.05144,0.05144,0.05144,0.05144,0.05144
2015,Wamberal 66_11kV,12DEC2014,MW,0.05144,0.05144,0.05144,0.05144,0.05144,0.05144,0.05144,0.05144,0.05144,0.05144,0.05144,0.05144,0.05144,0.05144,0.05144,0.05144,0.05144,0.05144,0.05144,0.05144,0.05144,0.05144,0.05144,0.05144,0.05144,0.05144,0.05144,0.05144,0.05144,0.05144,0.05144,0.05144,0.05144,0.05144,0.05144,0.05144,0.05144,0.05144,0.05144,0.05144,0.05144,0.05144,0.05144,0.05144,0.05144,0.05144,0.05144,0.05144,0.05144,0.05144,0.05144,0.05144,0.05144,0.05144,0.05144,0.05144,0.05144,0.05144,0.05144,0.05144,0.05144,0.05144,0.05144,0.05144,0.05144,0.05144,0.05144,0.05144,0.05144,0.05144,0.05144,0.05144,0.05144,0.05144,0.05144,0.05144,0.05144,0.05144,0.05144,0.05144,0.05144,0.05144,0.05144,0.05144,0.05144,0.05144,0.05144,0.05144,0.05144,0.05144,0.05144,0.05144,0.05144,0.05144,0.05144,0.05144
2015,Wamberal 66_11kV,13DEC2014,MW,0.05144,0.05144,0.05144,0.05144,0.05144,0.05144,0.05144,0.05144,0.05144,0.05144,0.05144,0.05144,0.05144,0.05144,0.05144,0.05144,0.05144,0.05144,0.05144,0.05144,0.05144,0.05144,0.05144,0.05144,0.05144,0.05144,0.05144,0.05144,0.05144,0.05144,0.05144,0.05144,0.05144,0.05144,0.05144,0.05144,0.05144,0.05144,0.05144,0.05144,0.05144,0.05144,0.05144,0.05144,0.05144,0.05144,0.05144,0.05144,0.05144,0.05144,0.05144,0.05144,0.05144,0.05144,0.05144,0.05144,0.05144,0.05144,0.05144,0.05144,0.05144,0.05144,0.05144,0.05144,0.05144,0.05144,0.05144,0.05144,0.05144,0.05144,0.05144,0.05144,0.05144,0.05144,0.05144,0.05144,0.05144,0.05144,0.05144,0.05144,0.05144,0.05144,0.05144,0.05144,0.05144,0.05144,0.05144,0.05144,0.05144,0.05144,0.05144,0.05144,0.05144,0.05144,0.05144,0.05144
2015,Wamberal 66_11kV,14DEC2014,MW,0.05144,0.05144,0.05144,0.05144,0.05144,0.05144,0.05144,0.05144,0.05144,0.05144,0.05144,0.05144,0.05144,0.05144,0.05144,0.05144,0.05144,0.05144,0.05144,0.05144,0.05144,0.05144,0.05144,0.05144,0.05144,0.05144,0.05144,0.05144,0.05144,0.05144,0.05144,0.05144,0.05144,0.05144,0.05144,0.05144,0.05144,0.05144,0.05144,0.05144,0.05144,0.05144,0.05144,0.05144,0.05144,0.05144,0.05144,0.05144,0.05144,0.05144,0.05144,0.05144,0.05144,0.05144,0.05144,0.05144,0.05144,0.05144,0.05144,0.05144,0.05144,0.05144,0.05144,0.05144,0.05144,0.05144,0.05144,0.05144,0.05144,0.05144,0.05144,0.05144,0.05144,0.05144,0.05144,0.05144,0.05144,0.05144,0.05144,0.05144,0.05144,0.05144,0.05144,0.05144,0.05144,0.05144,0.05144,0.05144,0.05144,0.05144,0.05144,0.05144,0.05144,0.05144,0.05144,0.05144
2015,Wamberal 66_11kV,15DEC2014,MW,0.05144,0.05144,0.05144,0.05144,0.05144,0.05144,0.05144,0.05144,0.05144,0.05144,0.05144,0.05144,0.05144,0.05144,0.05144,0.05144,0.05144,0.05144,0.05144,0.05144,0.05144,0.05144,0.05144,0.05144,0.05144,0.05144,0.05144,0.05144,0.05144,0.05144,0.05144,0.05144,0.05144,0.05144,0.05144,0.05144,0.05144,0.05144,0.05144,0.05144,0.05144,0.05144,0.05144,0.05144,0.05144,0.05144,0.05144,0.05144,0.05144,0.05144,0.05144,0.05144,0.05144,0.05144,0.05144,0.05144,0.05144,0.05144,0.05144,0.05144,0.05144,0.05144,0.05144,0.05144,0.05144,0.05144,0.05144,0.05144,0.05144,0.05144,0.05144,0.05144,0.05144,0.05144,0.05144,0.05144,0.05144,0.05144,0.05144,0.05144,0.05144,0.05144,0.05144,0.05144,0.05144,0.05144,0.05144,0.05144,0.05144,0.05144,0.05144,0.05144,0.05144,0.05144,0.05144,0.05144
2015,Wamberal 66_11kV,16DEC2014,MW,0.05144,0.05144,0.05144,0.05144,0.05144,0.05144,0.05144,0.05144,0.05144,0.05144,0.05144,0.05144,0.05144,0.05144,0.05144,0.05144,0.05144,0.05144,0.05144,0.05144,0.05144,0.05144,0.05144,0.05144,0.05144,0.05144,0.05144,0.05144,0.05144,0.05144,0.05144,0.05144,0.05144,0.05144,0.05144,0.05144,0.05144,0.05144,0.05144,0.05144,0.05144,0.05144,0.05144,0.05144,0.05144,0.05144,0.05144,0.05144,0.05144,0.05144,0.05144,0.05144,0.05144,0.05144,0.05144,0.05144,0.05144,0.05144,0.05144,0.05144,0.05144,0.05144,0.05144,0.05144,0.05144,0.05144,0.05144,0.05144,0.05144,0.05144,0.05144,0.05144,0.05144,0.05144,0.05144,0.05144,0.05144,0.05144,0.05144,0.05144,0.05144,0.05144,0.05144,0.05144,0.05144,0.05144,0.05144,0.05144,0.05144,0.05144,0.05144,0.05144,0.05144,0.05144,0.05144,0.05144
2015,Wamberal 66_11kV,17DEC2014,MW,0.05144,0.05144,0.05144,0.05144,0.05144,0.05144,0.05144,0.05144,0.05144,0.05144,0.05144,0.05144,0.05144,0.05144,0.05144,0.05144,0.05144,0.05144,0.05144,0.05144,0.05144,0.05144,0.05144,0.05144,0.05144,0.05144,0.05144,0.05144,0.05144,0.05144,0.05144,0.05144,0.05144,0.05144,0.05144,0.05144,0.05144,0.05144,0.05144,0.05144,0.05144,0.05144,0.05144,0.05144,0.05144,0.05144,0.05144,0.05144,0.05144,0.05144,0.05144,0.05144,0.05144,0.05144,0.05144,0.05144,0.05144,0.05144,0.05144,0.05144,0.05144,0.05144,0.05144,0.05144,0.05144,0.05144,0.05144,0.05144,0.05144,0.05144,0.05144,0.05144,0.05144,0.05144,0.05144,0.05144,0.05144,0.05144,0.05144,0.05144,0.05144,0.05144,0.05144,0.05144,0.05144,0.05144,0.05144,0.05144,0.05144,0.05144,0.05144,0.05144,0.05144,0.05144,0.05144,0.05144
2015,Wamberal 66_11kV,18DEC2014,MW,0.05144,0.05144,0.05144,0.05144,0.05144,0.05144,0.05144,0.05144,0.05144,0.05144,0.05144,0.05144,0.05144,0.05144,0.05144,0.05144,0.05144,0.05144,0.05144,0.05144,0.05144,0.05144,0.05144,0.05144,0.05144,0.05144,0.05144,0.05144,0.05144,0.05144,0.05144,0.05144,0.05144,0.05144,0.05144,0.05144,0.05144,0.05144,0.05144,0.05144,0.05144,0.05144,0.05144,0.05144,0.05144,0.05144,0.05144,0.05144,0.05144,0.05144,0.05144,0.05144,0.05144,0.05144,0.05144,0.05144,0.05144,0.05144,0.05144,0.05144,0.05144,0.05144,0.05144,0.05144,0.05144,0.05144,0.05144,0.05144,0.05144,0.05144,0.05144,0.05144,0.05144,0.05144,0.05144,0.05144,0.05144,0.05144,0.05144,0.05144,0.05144,0.05144,0.05144,0.05144,0.05144,0.05144,0.05144,0.05144,0.05144,0.05144,0.05144,0.05144,0.05144,0.05144,0.05144,0.05144
2015,Wamberal 66_11kV,19DEC2014,MW,0.05144,0.05144,0.05144,0.05144,0.05144,0.05144,0.05144,0.05144,0.05144,0.05144,0.05144,0.05144,0.05144,0.05144,0.05144,0.05144,0.05144,0.05144,0.05144,0.05144,0.05144,0.05144,0.05144,0.05144,0.05144,0.05144,0.05144,0.05144,0.05144,0.05144,0.05144,0.05144,0.05144,0.05144,0.05144,0.05144,0.05144,0.05144,0.05144,0.05144,0.05144,0.05144,0.05144,0.05144,0.05144,0.05144,0.05144,0.05144,0.05144,0.05144,0.05144,0.05144,0.05144,0.05144,0.05144,0.05144,0.05144,0.05144,0.05144,0.05144,0.05144,0.05144,0.05144,0.05144,0.05144,0.05144,0.05144,0.05144,0.05144,0.05144,0.05144,0.05144,0.05144,0.05144,0.05144,0.05144,0.05144,0.05144,0.05144,0.05144,0.05144,0.05144,0.05144,0.05144,0.05144,0.05144,0.05144,0.05144,0.05144,0.05144,0.05144,0.05144,0.05144,0.05144,0.05144,0.05144
2015,Wamberal 66_11kV,20DEC2014,MW,0.05144,0.05144,0.05144,0.05144,0.05144,0.05144,0.05144,0.05144,0.05144,0.05144,0.05144,0.05144,0.05144,0.05144,0.05144,0.05144,0.05144,0.05144,0.05144,0.05144,0.05144,0.05144,0.05144,0.05144,0.05144,0.05144,0.05144,0.05144,0.05144,0.05144,0.05144,0.05144,0.05144,0.05144,0.05144,0.05144,0.05144,0.05144,0.05144,0.05144,0.05144,0.05144,0.05144,0.05144,0.05144,0.05144,0.05144,0.05144,0.05144,0.05144,0.05144,0.05144,0.05144,0.05144,0.05144,0.05144,0.05144,0.05144,0.05144,0.05144,0.05144,0.05144,0.05144,0.05144,0.05144,0.05144,0.05144,0.05144,0.05144,0.05144,0.05144,0.05144,0.05144,0.05144,0.05144,0.05144,0.05144,0.05144,0.05144,0.05144,0.05144,0.05144,0.05144,0.05144,0.05144,0.05144,0.05144,0.05144,0.05144,0.05144,0.05144,0.05144,0.05144,0.05144,0.05144,0.05144
2015,Wamberal 66_11kV,21DEC2014,MW,0.05144,0.05144,0.05144,0.05144,0.05144,0.05144,0.05144,0.05144,0.05144,0.05144,0.05144,0.05144,0.05144,0.05144,0.05144,0.05144,0.05144,0.05144,0.05144,0.05144,0.05144,0.05144,0.05144,0.05144,0.05144,0.05144,0.05144,0.05144,0.05144,0.05144,0.05144,0.05144,0.05144,0.05144,0.05144,0.05144,0.05144,0.05144,0.05144,0.05144,0.05144,0.05144,0.05144,0.05144,0.05144,0.05144,0.05144,0.05144,0.05144,0.05144,0.05144,0.05144,0.05144,0.05144,0.05144,0.05144,0.05144,0.05144,0.05144,0.05144,0.05144,0.05144,0.05144,0.05144,0.05144,0.05144,0.05144,0.05144,0.05144,0.05144,0.05144,0.05144,0.05144,0.05144,0.05144,0.05144,0.05144,0.05144,0.05144,0.05144,0.05144,0.05144,0.05144,0.05144,0.05144,0.05144,0.05144,0.05144,0.05144,0.05144,0.05144,0.05144,0.05144,0.05144,0.05144,0.05144
2015,Wamberal 66_11kV,22DEC2014,MW,0.05144,0.05144,0.05144,0.05144,0.05144,0.05144,0.05144,0.05144,0.05144,0.05144,0.05144,0.05144,0.05144,0.05144,0.05144,0.05144,0.05144,0.05144,0.05144,0.05144,0.05144,0.05144,0.05144,0.05144,0.05144,0.05144,0.05144,0.05144,0.05144,0.05144,0.05144,0.05144,0.05144,0.05144,0.05144,0.05144,0.05144,0.05144,0.05144,0.05144,0.05144,0.05144,0.05144,0.05144,0.05144,0.05144,0.05144,0.05144,0.05144,0.05144,0.05144,0.05144,0.05144,0.05144,0.05144,0.05144,0.05144,0.05144,0.05144,0.05144,0.05144,0.05144,0.05144,0.05144,0.05144,0.05144,0.05144,0.05144,0.05144,0.05144,0.05144,0.05144,0.05144,0.05144,0.05144,0.05144,0.05144,0.05144,0.05144,0.05144,0.05144,0.05144,0.05144,0.05144,0.05144,0.05144,0.05144,0.05144,0.05144,0.05144,0.05144,0.05144,0.05144,0.05144,0.05144,0.05144
2015,Wamberal 66_11kV,23DEC2014,MW,0.05144,0.05144,0.05144,0.05144,0.05144,0.05144,0.05144,0.05144,0.05144,0.05144,0.05144,0.05144,0.05144,0.05144,0.05144,0.05144,0.05144,0.05144,0.05144,0.05144,0.05144,0.05144,0.05144,0.05144,0.05144,0.05144,0.05144,0.05144,0.05144,0.05144,0.05144,0.05144,0.05144,0.05144,0.05144,0.05144,0.05144,0.05144,0.05144,0.05144,0.05144,0.05144,0.05144,0.05144,0.05144,0.05144,0.05144,0.05144,0.05144,0.05144,0.05144,0.05144,0.05144,0.05144,0.05144,0.05144,0.05144,0.05144,0.05144,0.05144,0.05144,0.05144,0.05144,0.05144,0.05144,0.05144,0.05144,0.05144,0.05144,0.05144,0.05144,0.05144,0.05144,0.05144,0.05144,0.05144,0.05144,0.05144,0.05144,0.05144,0.05144,0.05144,0.05144,0.05144,0.05144,0.05144,0.05144,0.05144,0.05144,0.05144,0.05144,0.05144,0.05144,0.05144,0.05144,0.05144
2015,Wamberal 66_11kV,24DEC2014,MW,0.05144,0.05144,0.05144,0.05144,0.05144,0.05144,0.05144,0.05144,0.05144,0.05144,0.05144,0.05144,0.05144,0.05144,0.05144,0.05144,0.05144,0.05144,0.05144,0.05144,0.05144,0.05144,0.05144,0.05144,0.05144,0.05144,0.05144,0.05144,0.05144,0.05144,0.05144,0.05144,0.05144,0.05144,0.05144,0.05144,0.05144,0.05144,0.05144,0.05144,0.05144,0.05144,0.05144,0.05144,0.05144,0.05144,0.05144,0.05144,0.05144,0.05144,0.05144,0.05144,0.05144,0.05144,0.05144,0.05144,0.05144,0.05144,0.05144,0.05144,0.05144,0.05144,0.05144,0.05144,0.05144,0.05144,0.05144,0.05144,0.05144,0.05144,0.05144,0.05144,0.05144,0.05144,0.05144,0.05144,0.05144,0.05144,0.05144,0.05144,0.05144,0.05144,0.05144,0.05144,0.05144,0.05144,0.05144,0.05144,0.05144,0.05144,0.05144,0.05144,0.05144,0.05144,0.05144,0.05144
2015,Wamberal 66_11kV,25DEC2014,MW,0.05144,0.05144,0.05144,0.05144,0.05144,0.05144,0.05144,0.05144,0.05144,0.05144,0.05144,0.05144,0.05144,0.05144,0.05144,0.05144,0.05144,0.05144,0.05144,0.05144,0.05144,0.05144,0.05144,0.05144,0.05144,0.05144,0.05144,0.05144,0.05144,0.05144,0.05144,0.05144,0.05144,0.05144,0.05144,0.05144,0.05144,0.05144,0.05144,0.05144,0.05144,0.05144,0.05144,0.05144,0.05144,0.05144,0.05144,0.05144,0.05144,0.05144,0.05144,0.05144,0.05144,0.05144,0.05144,0.05144,0.05144,0.05144,0.05144,0.05144,0.05144,0.05144,0.05144,0.05144,0.05144,0.05144,0.05144,0.05144,0.05144,0.05144,0.05144,0.05144,0.05144,0.05144,0.05144,0.05144,0.05144,0.05144,0.05144,0.05144,0.05144,0.05144,0.05144,0.05144,0.05144,0.05144,0.05144,0.05144,0.05144,0.05144,0.05144,0.05144,0.05144,0.05144,0.05144,0.05144
2015,Wamberal 66_11kV,26DEC2014,MW,0.05144,0.05144,0.05144,0.05144,0.05144,0.05144,0.05144,0.05144,0.05144,0.05144,0.05144,0.05144,0.05144,0.05144,0.05144,0.05144,0.05144,0.05144,0.05144,0.05144,0.05144,0.05144,0.05144,0.05144,0.05144,0.05144,0.05144,0.05144,0.05144,0.05144,0.05144,0.05144,0.05144,0.05144,0.05144,0.05144,0.05144,0.05144,0.05144,0.05144,0.05144,0.05144,0.05144,0.05144,0.05144,0.05144,0.05144,0.05144,0.05144,0.05144,0.05144,0.05144,0.05144,0.05144,0.05144,0.05144,0.05144,0.05144,0.05144,0.05144,0.05144,0.05144,0.05144,0.05144,0.05144,0.05144,0.05144,0.05144,0.05144,0.05144,0.05144,0.05144,0.05144,0.05144,0.05144,0.05144,0.05144,0.05144,0.05144,0.05144,0.05144,0.05144,0.05144,0.05144,0.05144,0.05144,0.05144,0.05144,0.05144,0.05144,0.05144,0.05144,0.05144,0.05144,0.05144,0.05144
2015,Wamberal 66_11kV,27DEC2014,MW,0.05144,0.05144,0.05144,0.05144,0.05144,0.05144,0.05144,0.05144,0.05144,0.05144,0.05144,0.05144,0.05144,0.05144,0.05144,0.05144,0.05144,0.05144,0.05144,0.05144,0.05144,0.05144,0.05144,0.05144,0.05144,0.05144,0.05144,0.05144,0.05144,0.05144,0.05144,0.05144,0.05144,0.05144,0.05144,0.05144,0.05144,0.05144,0.05144,0.05144,0.05144,0.05144,0.05144,0.05144,0.05144,0.05144,0.05144,0.05144,0.05144,0.05144,0.05144,0.05144,0.05144,0.05144,0.05144,0.05144,0.05144,0.05144,0.05144,0.05144,0.05144,0.05144,0.05144,0.05144,0.05144,0.05144,0.05144,0.05144,0.05144,0.05144,0.05144,0.05144,0.05144,0.05144,0.05144,0.05144,0.05144,0.05144,0.05144,0.05144,0.05144,0.05144,0.05144,0.05144,0.05144,0.05144,0.05144,0.05144,0.05144,0.05144,0.05144,0.05144,0.05144,0.05144,0.05144,0.05144
2015,Wamberal 66_11kV,28DEC2014,MW,0.05144,0.05144,0.05144,0.05144,0.05144,0.05144,0.05144,0.05144,0.05144,0.05144,0.05144,0.05144,0.05144,0.05144,0.05144,0.05144,0.05144,0.05144,0.05144,0.05144,0.05144,0.05144,0.05144,0.05144,0.05144,0.05144,0.05144,0.05144,0.05144,0.05144,0.05144,0.05144,0.05144,0.05144,0.05144,0.05144,0.05144,0.05144,0.05144,0.05144,0.05144,0.05144,0.05144,0.05144,0.05144,0.05144,0.05144,0.05144,0.05144,0.05144,0.05144,0.05144,0.05144,0.05144,0.05144,0.05144,0.05144,0.05144,0.05144,0.05144,0.05144,0.05144,0.05144,0.05144,0.05144,0.05144,0.05144,0.05144,0.05144,0.05144,0.05144,0.05144,0.05144,0.05144,0.05144,0.05144,0.05144,0.05144,0.05144,0.05144,0.05144,0.05144,0.05144,0.05144,0.05144,0.05144,0.05144,0.05144,0.05144,0.05144,0.05144,0.05144,0.05144,0.05144,0.05144,0.05144
2015,Wamberal 66_11kV,29DEC2014,MW,0.05144,0.05144,0.05144,0.05144,0.05144,0.05144,0.05144,0.05144,0.05144,0.05144,0.05144,0.05144,0.05144,0.05144,0.05144,0.05144,0.05144,0.05144,0.05144,0.05144,0.05144,0.05144,0.05144,0.05144,0.05144,0.05144,0.05144,0.05144,0.05144,0.05144,0.05144,0.05144,0.05144,0.05144,0.05144,0.05144,0.05144,0.05144,0.05144,0.05144,0.05144,0.05144,0.05144,0.05144,0.05144,0.05144,0.05144,0.05144,0.05144,0.05144,0.05144,0.05144,0.05144,0.05144,0.05144,0.05144,0.05144,0.05144,0.05144,0.05144,0.05144,0.05144,0.05144,0.05144,0.05144,0.05144,0.05144,0.05144,0.05144,0.05144,0.05144,0.05144,0.05144,0.05144,0.05144,0.05144,0.05144,0.05144,0.05144,0.05144,0.05144,0.05144,0.05144,0.05144,0.05144,0.05144,0.05144,0.05144,0.05144,0.05144,0.05144,0.05144,0.05144,0.05144,0.05144,0.05144
2015,Wamberal 66_11kV,30DEC2014,MW,0.05144,0.05144,0.05144,0.05144,0.05144,0.05144,0.05144,0.05144,0.05144,0.05144,0.05144,0.05144,0.05144,0.05144,0.05144,0.05144,0.05144,0.05144,0.05144,0.05144,0.05144,0.05144,0.05144,0.05144,0.05144,0.05144,0.05144,0.05144,0.05144,0.05144,0.05144,0.05144,0.05144,0.05144,0.05144,0.05144,0.05144,0.05144,0.05144,0.05144,0.05144,0.05144,0.05144,0.05144,0.05144,0.05144,0.05144,0.05144,0.05144,0.05144,0.05144,0.05144,0.05144,0.05144,0.05144,0.05144,0.05144,0.05144,0.05144,0.05144,0.05144,0.05144,0.05144,0.05144,0.05144,0.05144,0.05144,0.05144,0.05144,0.05144,0.05144,0.05144,0.05144,0.05144,0.05144,0.05144,0.05144,0.05144,0.05144,0.05144,0.05144,0.05144,0.05144,0.05144,0.05144,0.05144,0.05144,0.05144,0.05144,0.05144,0.05144,0.05144,0.05144,0.05144,0.05144,0.05144
2015,Wamberal 66_11kV,31DEC2014,MW,0.05144,0.05144,0.05144,0.05144,0.05144,0.05144,0.05144,0.05144,0.05144,0.05144,0.05144,0.05144,0.05144,0.05144,0.05144,0.05144,0.05144,0.05144,0.05144,0.05144,0.05144,0.05144,0.05144,0.05144,0.05144,0.05144,0.05144,0.05144,0.05144,0.05144,0.05144,0.05144,0.05144,0.05144,0.05144,0.05144,0.05144,0.05144,0.05144,0.05144,0.05144,0.05144,0.05144,0.05144,0.05144,0.05144,0.05144,0.05144,0.05144,0.05144,0.05144,0.05144,0.05144,0.05144,0.05144,0.05144,0.05144,0.05144,0.05144,0.05144,0.05144,0.05144,0.05144,0.05144,0.05144,0.05144,0.05144,0.05144,0.05144,0.05144,0.05144,0.05144,0.05144,0.05144,0.05144,0.05144,0.05144,0.05144,0.05144,0.05144,0.05144,0.05144,0.05144,0.05144,0.05144,0.05144,0.05144,0.05144,0.05144,0.05144,0.05144,0.05144,0.05144,0.05144,0.05144,0.05144
2015,Wamberal 66_11kV,01JAN2015,MW,0.05144,0.05144,0.05144,0.05144,0.05144,0.05144,0.05144,0.05144,0.05144,0.05144,0.05144,0.05144,0.05144,0.05144,0.05144,0.05144,0.05144,0.05144,0.05144,0.05144,0.05144,0.05144,0.05144,0.05144,0.05144,0.05144,0.05144,0.05144,0.05144,0.05144,0.05144,0.05144,0.05144,0.05144,0.05144,0.05144,0.05144,0.05144,0.05144,0.05144,0.05144,0.05144,0.05144,0.05144,0.05144,0.05144,0.05144,0.05144,0.05144,0.05144,0.05144,0.05144,0.05144,0.05144,0.05144,0.05144,0.05144,0.05144,0.05144,0.05144,0.05144,0.05144,0.05144,0.05144,0.05144,0.05144,0.05144,0.05144,0.05144,0.05144,0.05144,0.05144,0.05144,0.05144,0.05144,0.05144,0.05144,0.05144,0.05144,0.05144,0.05144,0.05144,0.05144,0.05144,0.05144,0.05144,0.05144,0.05144,0.05144,0.05144,0.05144,0.05144,0.05144,0.05144,0.05144,0.05144
2015,Wamberal 66_11kV,02JAN2015,MW,0.05144,0.05144,0.05144,0.05144,0.05144,0.05144,0.05144,0.05144,0.05144,0.05144,0.05144,0.05144,0.05144,0.05144,0.05144,0.05144,0.05144,0.05144,0.05144,0.05144,0.05144,0.05144,0.05144,0.05144,0.05144,0.05144,0.05144,0.05144,0.05144,0.05144,0.05144,0.05144,0.05144,0.05144,0.05144,0.05144,0.05144,0.05144,0.05144,0.05144,0.05144,0.05144,0.05144,0.05144,0.05144,0.05144,0.05144,0.05144,0.05144,0.05144,0.05144,0.05144,0.05144,0.05144,0.05144,0.05144,0.05144,0.05144,0.05144,0.05144,0.05144,0.05144,0.05144,0.05144,0.05144,0.05144,0.05144,0.05144,0.05144,0.05144,0.05144,0.05144,0.05144,0.05144,0.05144,0.05144,0.05144,0.05144,0.05144,0.05144,0.05144,0.05144,0.05144,0.05144,0.05144,0.05144,0.05144,0.05144,0.05144,0.05144,0.05144,0.05144,0.05144,0.05144,0.05144,0.05144
2015,Wamberal 66_11kV,03JAN2015,MW,0.05144,0.05144,0.05144,0.05144,0.05144,0.05144,0.05144,0.05144,0.05144,0.05144,0.05144,0.05144,0.05144,0.05144,0.05144,0.05144,0.05144,0.05144,0.05144,0.05144,0.05144,0.05144,0.05144,0.05144,0.05144,0.05144,0.05144,0.05144,0.05144,0.05144,0.05144,0.05144,0.05144,0.05144,0.05144,0.05144,0.05144,0.05144,0.05144,0.05144,0.05144,0.05144,0.05144,0.05144,0.05144,0.05144,0.05144,0.05144,0.05144,0.05144,0.05144,0.05144,0.05144,0.05144,0.05144,0.05144,0.05144,0.05144,0.05144,0.05144,0.05144,0.05144,0.05144,0.05144,0.05144,0.05144,0.05144,0.05144,0.05144,0.05144,0.05144,0.05144,0.05144,0.05144,0.05144,0.05144,0.05144,0.05144,0.05144,0.05144,0.05144,0.05144,0.05144,0.05144,0.05144,0.05144,0.05144,0.05144,0.05144,0.05144,0.05144,0.05144,0.05144,0.05144,0.05144,0.05144
2015,Wamberal 66_11kV,04JAN2015,MW,0.05144,0.05144,0.05144,0.05144,0.05144,0.05144,0.05144,0.05144,0.05144,0.05144,0.05144,0.05144,0.05144,0.05144,0.05144,0.05144,0.05144,0.05144,0.05144,0.05144,0.05144,0.05144,0.05144,0.05144,0.05144,0.05144,0.05144,0.05144,0.05144,0.05144,0.05144,0.05144,0.05144,0.05144,0.05144,0.05144,0.05144,0.05144,0.05144,0.05144,0.05144,0.05144,0.05144,0.05144,0.05144,0.05144,0.05144,0.05144,0.05144,0.05144,0.05144,0.05144,0.05144,0.05144,0.05144,0.05144,0.05144,0.05144,0.05144,0.05144,0.05144,0.05144,0.05144,0.05144,0.05144,0.05144,0.05144,0.05144,0.05144,0.05144,0.05144,0.05144,0.05144,0.05144,0.05144,0.05144,0.05144,0.05144,0.05144,0.05144,0.05144,0.05144,0.05144,0.05144,0.05144,0.05144,0.05144,0.05144,0.05144,0.05144,0.05144,0.05144,0.05144,0.05144,0.05144,0.05144
2015,Wamberal 66_11kV,05JAN2015,MW,0.05144,0.05144,0.05144,0.05144,0.05144,0.05144,0.05144,0.05144,0.05144,0.05144,0.05144,0.05144,0.05144,0.05144,0.05144,0.05144,0.05144,0.05144,0.05144,0.05144,0.05144,0.05144,0.05144,0.05144,0.05144,0.05144,0.05144,0.05144,0.05144,0.05144,0.05144,0.05144,0.05144,0.05144,0.05144,0.05144,0.05144,0.05144,0.05144,0.05144,0.05144,0.05144,0.05144,0.05144,0.05144,,,,,,,,,,,,,,,,,,,,,,,,,,,,,,,,,,,,,,,,,,,,,,,,,,,
2015,Wamberal 66_11kV,06JAN2015,MW,,,,,,,,,,,,,,,,,,,,,,,,,,,,,,,,,,,,,,,,,,,,,,,,,,,,,,,,,,,,,,,,,,,,,,,,,,,,,,,,,,,,,,,,,,,,,,,,
2015,Wamberal 66_11kV,07JAN2015,MW,,,,,,,,,,,,,,,,,,,,,,,,,,,,,,,,,,,,,,,,,,,,,,,,,,,,,,,,,,,,,,,,,,,,,,,,,,,,,,,,,,,,,,,,,,,,,,,,
2015,Wamberal 66_11kV,08JAN2015,MW,,,,,,,,,,,,,,,,,,,,,,,,,,,,,,,,,,,,,,,,,,,,,,,,,,,,,,,,,,,,,,,,,,,,,,,,,,,,,,,,,,,,,,,,,,,,,,,,
2015,Wamberal 66_11kV,09JAN2015,MW,,,,,,,,,,,,,,,,,,,,,,,,,,,,,,,,,,,,,,,,,,,,,,,,,,,,,,,,,,,,,,,,,,,,,,,,,,,,,,,,,,,,,,,,,,,,,,,,
2015,Wamberal 66_11kV,10JAN2015,MW,,,,,,,,,,,,,,,,,,,,,,,,,,,,,,,,,,,,,,,,,,,,,,,,,,,,,,,,,,,,,,,,,,,,,,,,,,,,,,,,,,,,,,,,,,,,,,,,
2015,Wamberal 66_11kV,11JAN2015,MW,,,,,,,,,,,,,,,,,,,,,,,,,,,,,,,,,,,,,,,,,,,,,,,,,,,,,,,,,,,,,,,,,,,,,,,,,,,,,,,,,,,,,,,,,,,,,,,,
2015,Wamberal 66_11kV,12JAN2015,MW,,,,,,,,,,,,,,,,,,,,,,,,,,,,,,,,,,,,,,,,,,,,,,,,,,,,,,,,,,,,,,,,,,,,,,,,,,,,,,,,,,,,,,,,,,,,,,,,
2015,Wamberal 66_11kV,13JAN2015,MW,,,,,,,,,,,,,,,,,,,,,,,,,,,,,,,,,,,,,,,,,,,,,,,,,,,,,,,,,,,,,,,,,,,,,,,,,,,,,,,,,,,,,,,,,,,,,,,,
2015,Wamberal 66_11kV,14JAN2015,MW,,,,,,,,,,,,,,,,,,,,,,,,,,,,,,,,,,,,,,,,,,,,,,,,,,,,,,,,,,,,,,,,,,,,,,,,,,,,,,,,,,,,,,,,,,,,,,,,
2015,Wamberal 66_11kV,15JAN2015,MW,,,,,,,,,,,,,,,,,,,,,,,,,,,,,,,,,,,,,,,,,,,,,,,,,,,,,,,,,,,,,,,,,,,,,,,,,,,,,,,,,,,,,,,,,,,,,,,,
2015,Wamberal 66_11kV,16JAN2015,MW,,,,,,,,,,,,,,,,,,,,,,,,,,,,,,,,,,,,,,,,,,,,,,,,,,,,,,,,,,,,,,,,,,,,,,,,,,,,,,,,,,,,,,,,,,,,,,,,
2015,Wamberal 66_11kV,17JAN2015,MW,,,,,,,,,,,,,,,,,,,,,,,,,,,,,,,,,,,,,,,,,,,,,,,,,,,,,,,,,,,,,,,,,,,,,,,,,,,,,,,,,,,,,,,,,,,,,,,,
2015,Wamberal 66_11kV,18JAN2015,MW,,,,,,,,,,,,,,,,,,,,,,,,,,,,,,,,,,,,,,,,,,,,,,,,,,,,,,,,,,,,,,,,,,,,,,,,,,,,,,,,,,,,,,,,,,,,,,,,
2015,Wamberal 66_11kV,19JAN2015,MW,,,,,,,,,,,,,,,,,,,,,,,,,,,,,,,,,,,,,,,,,,,,,,,,,,,,,,,,,,,,,,,,,,,,,,,,,,,,,,,,,,,,,,,,,,,,,,,,
2015,Wamberal 66_11kV,20JAN2015,MW,,,,,,,,,,,,,,,,,,,,,,,,,,,,,,,,,,,,,,,,,,,,,,,,,,,,,,,,,,,,,,,,,,,,,,,,,,,,,,,,,,,,,,,,,,,,,,,,
2015,Wamberal 66_11kV,21JAN2015,MW,,,,,,,,,,,,,,,,,,,,,,,,,,,,,,,,,,,,,,,,,,,,,,,,,,,,,,,,,,,,,,,,,,,,,,,,,,,,,,,,,,,,,,,,,,,,,,,,
2015,Wamberal 66_11kV,22JAN2015,MW,,,,,,,,,,,,,,,,,,,,,,,,,,,,,,,,,,,,,,,,,,,,,,,,,,,,,,,,,,,,,,,,,,,,,,,,,,,,,,,,,,,,,,,,,,,,,,,,
2015,Wamberal 66_11kV,23JAN2015,MW,,,,,,,,,,,,,,,,,,,,,,,,,,,,,,,,,,,,,,,,,,,,,,,,,,,,,,,,,,,,,,,,,,,,,,,,,,,,,,,,,,,,,,,,,,,,,,,,
2015,Wamberal 66_11kV,24JAN2015,MW,,,,,,,,,,,,,,,,,,,,,,,,,,,,,,,,,,,,,,,,,,,,,,,,,,,,,,,,,,,,,,,,,,,,,,,,,,,,,,,,,,,,,,,,,,,,,,,,
2015,Wamberal 66_11kV,25JAN2015,MW,,,,,,,,,,,,,,,,,,,,,,,,,,,,,,,,,,,,,,,,,,,,,,,,,,,,,,,,,,,,,,,,,,,,,,,,,,,,,,,,,,,,,,,,,,,,,,,,
2015,Wamberal 66_11kV,26JAN2015,MW,,,,,,,,,,,,,,,,,,,,,,,,,,,,,,,,,,,,,,,,,,,,,,,,,,,,,,,,,,,,,,,,,,,,,,,,,,,,,,,,,,,,,,,,,,,,,,,,
2015,Wamberal 66_11kV,27JAN2015,MW,,,,,,,,,,,,,,,,,,,,,,,,,,,,,,,,,,,,,,,,,,,,,,,,,,,,,,,,,,,,,,,,,,,,,,,,,,,,,,,,,,,,,,,,,,,,,,,,
2015,Wamberal 66_11kV,28JAN2015,MW,,,,,,,,,,,,,,,,,,,,,,,,,,,,,,,,,,,,,,,,,,,,,,,,,,,,,,,,,,,,,,,,,,,,,,,,,,,,,,,,,,,,,,,,,,,,,,,,
2015,Wamberal 66_11kV,29JAN2015,MW,,,,,,,,,,,,,,,,,,,,,,,,,,,,,,,,,,,,,,,,,,,,,,,,,,,,,,,,,,,,,,,,,,,,,,,,,,,,,,,,,,,,,,,,,,,,,,,,
2015,Wamberal 66_11kV,30JAN2015,MW,,,,,,,,,,,,,,,,,,,,,,,,,,,,,,,,,,,,,,,,,,,,,,,,,,,,,,,,,,,,,,,,,,,,,,,,,,,,,,,,,,,,,,,,,,,,,,,,
2015,Wamberal 66_11kV,31JAN2015,MW,,,,,,,,,,,,,,,,,,,,,,,,,,,,,,,,,,,,,,,,,,,,,,,,,,,,,,,,,,,,,,,,,,,,,,,,,,,,,,,,,,,,,,,,,,,,,,,,
2015,Wamberal 66_11kV,01FEB2015,MW,,,,,,,,,,,,,,,,,,,,,,,,,,,,,,,,,,,,,,,,,,,,,,,,,,,,,,,,,,,,,,,,,,,,,,,,,,,,,,,,,,,,,,,,,,,,,,,,
2015,Wamberal 66_11kV,02FEB2015,MW,,,,,,,,,,,,,,,,,,,,,,,,,,,,,,,,,,,,,,,,,,,,,,,,,,,,,,,,,,,,,,,,,,,,,,,,,,,,,,,,,,,,,,,,,,,,,,,,
2015,Wamberal 66_11kV,03FEB2015,MW,,,,,,,,,,,,,,,,,,,,,,,,,,,,,,,,,,,,,,,,,,,,,,,,,,,,,,,,,,,,,,,,,,,,,,,,,,,,,,,,,,,,,,,,,,,,,,,,
2015,Wamberal 66_11kV,04FEB2015,MW,,,,,,,,,,,,,,,,,,,,,,,,,,,,,,,,,,,,,,,,,,,,,,,,,,,,,,,,,,,,,,,,,,,,,,,,,,,,,,,,,,,,,,,,,,,,,,,,
2015,Wamberal 66_11kV,05FEB2015,MW,,,,,,,,,,,,,,,,,,,,,,,,,,,,,,,,,,,,,,,,,,,,,,,,,,,,,,,,,,,,,,,,,,,,,,,,,,,,,,,,,,,,,,,,,,,,,,,,
2015,Wamberal 66_11kV,06FEB2015,MW,,,,,,,,,,,,,,,,,,,,,,,,,,,,,,,,,,,,,,,,,,,,,,,,,,,,,,,,,,,,,,,,,,,,,,,,,,,,,,,,,,,,,,,,,,,,,,,,
2015,Wamberal 66_11kV,07FEB2015,MW,,,,,,,,,,,,,,,,,,,,,,,,,,,,,,,,,,,,,,,,,,,,,,,,,,,,,,,,,,,,,,,,,,,,,,,,,,,,,,,,,,,,,,,,,,,,,,,,
2015,Wamberal 66_11kV,08FEB2015,MW,,,,,,,,,,,,,,,,,,,,,,,,,,,,,,,,,,,,,,,,,,,,,,,,,,,,,,,,,,,,,,,,,,,,,,,,,,,,,,,,,,,,,,,,,,,,,,,,
2015,Wamberal 66_11kV,09FEB2015,MW,,,,,,,,,,,,,,,,,,,,,,,,,,,,,,,,,,,,,,,,,,,,,,,,,,,,,,,,,,,,,,,,,,,,,,,,,,,,,,,,,,,,,,,,,,,,,,,,
2015,Wamberal 66_11kV,10FEB2015,MW,,,,,,,,,,,,,,,,,,,,,,,,,,,,,,,,,,,,,,,,,,,,,,,,,,,,,,,,,,,,,,,,,,,,,,,,,,,,,,,,,,,,,,,,,,,,,,,,
2015,Wamberal 66_11kV,11FEB2015,MW,,,,,,,,,,,,,,,,,,,,,,,,,,,,,,,,,,,,,,,,,,,,,,,,,,,,,,,,,,,,,,,,,,,,,,,,,,,,,,,,,,,,,,,,,,,,,,,,
2015,Wamberal 66_11kV,12FEB2015,MW,,,,,,,,,,,,,,,,,,,,,,,,,,,,,,,,,,,,,,,,,,,,,,,,,,,,,,,,,,,,,,,,,,,,,,,,,,,,,,,,,,,,,,,,,,,,,,,,
2015,Wamberal 66_11kV,13FEB2015,MW,,,,,,,,,,,,,,,,,,,,,,,,,,,,,,,,,,,,,,,,,,,,,,,,,,,,,,,,,,,,,,,,,,,,,,,,,,,,,,,,,,,,,,,,,,,,,,,,
2015,Wamberal 66_11kV,14FEB2015,MW,,,,,,,,,,,,,,,,,,,,,,,,,,,,,,,,,,,,,,,,,,,,,,,,,,,,,,,,,,,,,,,,,,,,,,,,,,,,,,,,,,,,,,,,,,,,,,,,
2015,Wamberal 66_11kV,15FEB2015,MW,,,,,,,,,,,,,,,,,,,,,,,,,,,,,,,,,,,,,,,,,,,,,,,,,,,,,,,,,,,,,,,,,,,,,,,,,,,,,,,,,,,,,,,,,,,,,,,,
2015,Wamberal 66_11kV,16FEB2015,MW,,,,,,,,,,,,,,,,,,,,,,,,,,,,,,,,,,,,,,,,,,,,,,,,,,,,,,,,,,,,,,,,,,,,,,,,,,,,,,,,,,,,,,,,,,,,,,,,
2015,Wamberal 66_11kV,17FEB2015,MW,,,,,,,,,,,,,,,,,,,,,,,,,,,,,,,,,,,,,,,,,,,,,,,,,,,,,,,,,,,,,,,,,,,,,,,,,,,,,,,,,,,,,,,,,,,,,,,,
2015,Wamberal 66_11kV,18FEB2015,MW,,,,,,,,,,,,,,,,,,,,,,,,,,,,,,,,,,,,,,,,,,,,,,,,,,,,,,,,,,,,,,,,,,,,,,,,,,,,,,,,,,,,,,,,,,,,,,,,
2015,Wamberal 66_11kV,19FEB2015,MW,,,,,,,,,,,,,,,,,,,,,,,,,,,,,,,,,,,,,,,,,,,,,,,,,,,,,,,,,,,,,,,,,,,,,,,,,,,,,,,,,,,,,,,,,,,,,,,,
2015,Wamberal 66_11kV,20FEB2015,MW,,,,,,,,,,,,,,,,,,,,,,,,,,,,,,,,,,,,,,,,,,,,,,,,,,,,,,,,,,,,,,,,,,,,,,,,,,,,,,,,,,,,,,,,,,,,,,,,
2015,Wamberal 66_11kV,21FEB2015,MW,,,,,,,,,,,,,,,,,,,,,,,,,,,,,,,,,,,,,,,,,,,,,,,,,,,,,,,,,,,,,,,,,,,,,,,,,,,,,,,,,,,,,,,,,,,,,,,,
2015,Wamberal 66_11kV,22FEB2015,MW,,,,,,,,,,,,,,,,,,,,,,,,,,,,,,,,,,,,,,,,,,,,,,,,,,,,,,,,,,,,,,,,,,,,,,,,,,,,,,,,,,,,,,,,,,,,,,,,
2015,Wamberal 66_11kV,23FEB2015,MW,,,,,,,,,,,,,,,,,,,,,,,,,,,,,,,,,,,,,,,,,,,,,,,,,,,,,,,,,,,,,,,,,,,,,,,,,,,,,,,,,,,,,,,,,,,,,,,,
2015,Wamberal 66_11kV,24FEB2015,MW,,,,,,,,,,,,,,,,,,,,,,,,,,,,,,,,,,,,,,,,,,,,,,,,,,,,,,,,,,,,,,,,,,,,,,,,,,,,,,,,,,,,,,,,,,,,,,,,
2015,Wamberal 66_11kV,25FEB2015,MW,,,,,,,,,,,,,,,,,,,,,,,,,,,,,,,,,,,,,,,,,,,,,,,,,,,,,,,,,,,,,,,,,,,,,,,,,,,,,,,,,,,,,,,,,,,,,,,,
2015,Wamberal 66_11kV,26FEB2015,MW,,,,,,,,,,,,,,,,,,,,,,,,,,,,,,,,,,,,,,,,,,,,,,,,,,,,,,,,,,,,,,,,,,,,,,,,,,,,,,,,,,,,,,,,,,,,,,,,
2015,Wamberal 66_11kV,27FEB2015,MW,,,,,,,,,,,,,,,,,,,,,,,,,,,,,,,,,,,,,,,,,,,,,,,,,,,,,,,,,,,,,,,,,,,,,,,,,,,,,,,,,,,,,,,,,,,,,,,,
2015,Wamberal 66_11kV,28FEB2015,MW,,,,,,,,,,,,,,,,,,,,,,,,,,,,,,,,,,,,,,,,,,,,,,,,,,,,,,,,,,,,,,,,,,,,,,,,,,,,,,,,,,,,,,,,,,,,,,,,
2015,Wamberal 66_11kV,01MAR2015,MW,,,,,,,,,,,,,,,,,,,,,,,,,,,,,,,,,,,,,,,,,,,,,,,,,,,,,,,,,,,,,,,,,,,,,,,,,,,,,,,,,,,,,,,,,,,,,,,,
2015,Wamberal 66_11kV,02MAR2015,MW,,,,,,,,,,,,,,,,,,,,,,,,,,,,,,,,,,,,,,,,,,,,,,,,,,,,,,,,,,,,,,,,,,,,,,,,,,,,,,,,,,,,,,,,,,,,,,,,
2015,Wamberal 66_11kV,03MAR2015,MW,,,,,,,,,,,,,,,,,,,,,,,,,,,,,,,,,,,,,,,,,,,,,,,,,,,,,,,,,,,,,,,,,,,,,,,,,,,,,,,,,,,,,,,,,,,,,,,,
2015,Wamberal 66_11kV,04MAR2015,MW,,,,,,,,,,,,,,,,,,,,,,,,,,,,,,,,,,,,,,,,,,,,,,,,,,,,,,,,,,,,,,,,,,,,,,,,,,,,,,,,,,,,,,,,,,,,,,,,
2015,Wamberal 66_11kV,05MAR2015,MW,,,,,,,,,,,,,,,,,,,,,,,,,,,,,,,,,,,,,,,,,,,,,,,,,,,,,,,,,,,,,,,,,,,,,,,,,,,,,,,,,,,,,,,,,,,,,,,,
2015,Wamberal 66_11kV,06MAR2015,MW,,,,,,,,,,,,,,,,,,,,,,,,,,,,,,,,,,,,,,,,,,,,,,,,,,,,,,,,,,,,,,,,,,,,,,,,,,,,,,,,,,,,,,,,,,,,,,,,
2015,Wamberal 66_11kV,07MAR2015,MW,,,,,,,,,,,,,,,,,,,,,,,,,,,,,,,,,,,,,,,,,,,,,,,,,,,,,,,,,,,,,,,,,,,,,,,,,,,,,,,,,,,,,,,,,,,,,,,,
2015,Wamberal 66_11kV,08MAR2015,MW,,,,,,,,,,,,,,,,,,,,,,,,,,,,,,,,,,,,,,,,,,,,,,,,,,,,,,,,,,,,,,,,,,,,,,,,,,,,,,,,,,,,,,,,,,,,,,,,
2015,Wamberal 66_11kV,09MAR2015,MW,,,,,,,,,,,,,,,,,,,,,,,,,,,,,,,,,,,,,,,,,,,,,,,,,,,,,,,,,,,,,,,,,,,,,,,,,,,,,,,,,,,,,,,,,,,,,,,,
2015,Wamberal 66_11kV,10MAR2015,MW,,,,,,,,,,,,,,,,,,,,,,,,,,,,,,,,,,,,,,,,,,,,,,,,,,,,,,,,,,,,,,,,,,,,,,,,,,,,,,,,,,,,,,,,,,,,,,,,
2015,Wamberal 66_11kV,11MAR2015,MW,,,,,,,,,,,,,,,,,,,,,,,,,,,,,,,,,,,,,,,,,,,,,,,,,,,,,,,,,,,,,,,,,,,,,,,,,,,,,,,,,,,,,,,,,,,,,,,,
2015,Wamberal 66_11kV,12MAR2015,MW,,,,,,,,,,,,,,,,,,,,,,,,,,,,,,,,,,,,,,,,,,,,,,,,,,,,,,,,,,,,,,,,,,,,,,,,,,,,,,,,,,,,,,,,,,,,,,,,
2015,Wamberal 66_11kV,13MAR2015,MW,,,,,,,,,,,,,,,,,,,,,,,,,,,,,,,,,,,,,,,,,,,,,,,,,,,,,,,,,,,,,,,,,,,,,,,,,,,,,,,,,,,,,,,,,,,,,,,,
2015,Wamberal 66_11kV,14MAR2015,MW,,,,,,,,,,,,,,,,,,,,,,,,,,,,,,,,,,,,,,,,,,,,,,,,,,,,,,,,,,,,,,,,,,,,,,,,,,,,,,,,,,,,,,,,,,,,,,,,
2015,Wamberal 66_11kV,15MAR2015,MW,,,,,,,,,,,,,,,,,,,,,,,,,,,,,,,,,,,,,,,,,,,,,,,,,,,,,,,,,,,,,,,,,,,,,,,,,,,,,,,,,,,,,,,,,,,,,,,,
2015,Wamberal 66_11kV,16MAR2015,MW,,,,,,,,,,,,,,,,,,,,,,,,,,,,,,,,,,,,,,,,,,,,,,,,,,,,,,,,,,,,,,,,,,,,,,,,,,,,,,,,,,,,,,,,,,,,,,,,
2015,Wamberal 66_11kV,17MAR2015,MW,,,,,,,,,,,,,,,,,,,,,,,,,,,,,,,,,,,,,,,,,,,,,,,,,,,,,,,,,,,,,,,,,,,,,,,,,,,,,,,,,,,,,,,,,,,,,,,,
2015,Wamberal 66_11kV,18MAR2015,MW,,,,,,,,,,,,,,,,,,,,,,,,,,,,,,,,,,,,,,,,,,,,,,,,,,,,,,,,,,,,,,,,,,,,,,,,,,,,,,,,,,,,,,,,,,,,,,,,
2015,Wamberal 66_11kV,19MAR2015,MW,,,,,,,,,,,,,,,,,,,,,,,,,,,,,,,,,,,,,,,,,,,,,,,,,,,,,,,,,,,,,,,,,,,,,,,,,,,,,,,,,,,,,,,,,,,,,,,,
2015,Wamberal 66_11kV,20MAR2015,MW,,,,,,,,,,,,,,,,,,,,,,,,,,,,,,,,,,,,,,,,,,,,,,,,,,,,,,,,,,,,,,,,,,,,,,,,,,,,,,,,,,,,,,,,,,,,,,,,
2015,Wamberal 66_11kV,21MAR2015,MW,,,,,,,,,,,,,,,,,,,,,,,,,,,,,,,,,,,,,,,,,,,,,,,,,,,,,,,,,,,,,,,,,,,,,,,,,,,,,,,,,,,,,,,,,,,,,,,,
2015,Wamberal 66_11kV,22MAR2015,MW,,,,,,,,,,,,,,,,,,,,,,,,,,,,,,,,,,,,,,,,,,,,,,,,,,,,,,,,,,,,,,,,,,,,,,,,,,,,,,,,,,,,,,,,,,,,,,,,
2015,Wamberal 66_11kV,23MAR2015,MW,,,,,,,,,,,,,,,,,,,,,,,,,,,,,,,,,,,,,,,,,,,,,,,,,,,,,,,,,,,,,,,,,,,,,,,,,,,,,,,,,,,,,,,,,,,,,,,,
2015,Wamberal 66_11kV,24MAR2015,MW,,,,,,,,,,,,,,,,,,,,,,,,,,,,,,,,,,,,,,,,,,,,,,,,,,,,,,,,,,,,,,,,,,,,,,,,,,,,,,,,,,,,,,,,,,,,,,,,
2015,Wamberal 66_11kV,25MAR2015,MW,,,,,,,,,,,,,,,,,,,,,,,,,,,,,,,,,,,,,,,,,,,,,,,,,,,,,,,,,,,,,,,,,,,,,,,,,,,,,,,,,,,,,,,,,,,,,,,,
2015,Wamberal 66_11kV,26MAR2015,MW,,,,,,,,,,,,,,,,,,,,,,,,,,,,,,,,,,,,,,,,,,,,,,,,,,,,,,,,,,,,,,,,,,,,,,,,,,,,,,,,,,,,,,,,,,,,,,,,
2015,Wamberal 66_11kV,27MAR2015,MW,,,,,,,,,,,,,,,,,,,,,,,,,,,,,,,,,,,,,,,,,,,,,,,,,,,,,,,,,,,,,,,,,,,,,,,,,,,,,,,,,,,,,,,,,,,,,,,,
2015,Wamberal 66_11kV,28MAR2015,MW,,,,,,,,,,,,,,,,,,,,,,,,,,,,,,,,,,,,,,,,,,,,,,,,,,,,,,,,,,,,,,,,,,,,,,,,,,,,,,,,,,,,,,,,,,,,,,,,
2015,Wamberal 66_11kV,29MAR2015,MW,,,,,,,,,,,,,,,,,,,,,,,,,,,,,,,,,,,,,,,,,,,,,,,,,,,,,,,,,,,,,,,,,,,,,,,,,,,,,,,,,,,,,,,,,,,,,,,,
2015,Wamberal 66_11kV,30MAR2015,MW,,,,,,,,,,,,,,,,,,,,,,,,,,,,,,,,,,,,,,,,,,,,,,,,,,,,,,,,,,,,,,,,,,,,,,,,,,,,,,,,,,,,,,,,,,,,,,,,
2015,Wamberal 66_11kV,31MAR2015,MW,,,,,,,,,,,,,,,,,,,,,,,,,,,,,,,,,,,,,,,,,,,,,,,,,,,,,,,,,,,,,,,,,,,,,,,,,,,,,,,,,,,,,,,,,,,,,,,,
2015,Wamberal 66_11kV,01APR2015,MW,,,,,,,,,,,,,,,,,,,,,,,,,,,,,,,,,,,,,,,,,,,,,,,,,,,,,,,,,,,,,,,,,,,,,,,,,,,,,,,,,,,,,,,,,,,,,,,,
2015,Wamberal 66_11kV,02APR2015,MW,,,,,,,,,,,,,,,,,,,,,,,,,,,,,,,,,,,,,,,,,,,,,,,,,,,,,,,,,,,,,,,,,,,,,,,,,,,,,,,,,,,,,,,,,,,,,,,,
2015,Wamberal 66_11kV,03APR2015,MW,,,,,,,,,,,,,,,,,,,,,,,,,,,,,,,,,,,,,,,,,,,,,,,,,,,,,,,,,,,,,,,,,,,,,,,,,,,,,,,,,,,,,,,,,,,,,,,,
2015,Wamberal 66_11kV,04APR2015,MW,,,,,,,,,,,,,,,,,,,,,,,,,,,,,,,,,,,,,,,,,,,,,,,,,,,,,,,,,,,,,,,,,,,,,,,,,,,,,,,,,,,,,,,,,,,,,,,,
2015,Wamberal 66_11kV,05APR2015,MW,,,,,,,,,,,,,,,,,,,,,,,,,,,,,,,,,,,,,,,,,,,,,,,,,,,,,,,,,,,,,,,,,,,,,,,,,,,,,,,,,,,,,,,,,,,,,,,,
2015,Wamberal 66_11kV,06APR2015,MW,,,,,,,,,,,,,,,,,,,,,,,,,,,,,,,,,,,,,,,,,,,,,,,,,,,,,,,,,,,,,,,,,,,,,,,,,,,,,,,,,,,,,,,,,,,,,,,,
2015,Wamberal 66_11kV,07APR2015,MW,,,,,,,,,,,,,,,,,,,,,,,,,,,,,,,,,,,,,,,,,,,,,,,,,,,,,,,,,,,,,,,,,,,,,,,,,,,,,,,,,,,,,,,,,,,,,,,,
2015,Wamberal 66_11kV,08APR2015,MW,,,,,,,,,,,,,,,,,,,,,,,,,,,,,,,,,,,,,,,,,,,,,,,,,,,,,,,,,,,,,,,,,,,,,,,,,,,,,,,,,,,,,,,,,,,,,,,,
2015,Wamberal 66_11kV,09APR2015,MW,,,,,,,,,,,,,,,,,,,,,,,,,,,,,,,,,,,,,,,,,,,,,,,,,,,,,,,,,,,,,,,,,,,,,,,,,,,,,,,,,,,,,,,,,,,,,,,,
2015,Wamberal 66_11kV,10APR2015,MW,,,,,,,,,,,,,,,,,,,,,,,,,,,,,,,,,,,,,,,,,,,,,,,,,,,,,,,,,,,,,,,,,,,,,,,,,,,,,,,,,,,,,,,,,,,,,,,,
2015,Wamberal 66_11kV,11APR2015,MW,,,,,,,,,,,,,,,,,,,,,,,,,,,,,,,,,,,,,,,,,,,,,,,,,,,,,,,,,,,,,,,,,,,,,,,,,,,,,,,,,,,,,,,,,,,,,,,,
2015,Wamberal 66_11kV,12APR2015,MW,,,,,,,,,,,,,,,,,,,,,,,,,,,,,,,,,,,,,,,,,,,,,,,,,,,,,,,,,,,,,,,,,,,,,,,,,,,,,,,,,,,,,,,,,,,,,,,,
2015,Wamberal 66_11kV,13APR2015,MW,,,,,,,,,,,,,,,,,,,,,,,,,,,,,,,,,,,,,,,,,,,,,,,,,,,,,,,,,,,,,,,,,,,,,,,,,,,,,,,,,,,,,,,,,,,,,,,,
2015,Wamberal 66_11kV,14APR2015,MW,,,,,,,,,,,,,,,,,,,,,,,,,,,,,,,,,,,,,,,,,,,,,,,,,,,,,,,,,,,,,,,,,,,,,,,,,,,,,,,,,,,,,,,,,,,,,,,,
2015,Wamberal 66_11kV,15APR2015,MW,,,,,,,,,,,,,,,,,,,,,,,,,,,,,,,,,,,,,,,,,,,,,,,,,,,,,,,,,,,,,,,,,,,,,,,,,,,,,,,,,,,,,,,,,,,,,,,,
2015,Wamberal 66_11kV,16APR2015,MW,,,,,,,,,,,,,,,,,,,,,,,,,,,,,,,,,,,,,,,,,,,,,,,,,,,,,,,,,,,,,,,,,,,,,,,,,,,,,,,,,,,,,,,,,,,,,,,,
2015,Wamberal 66_11kV,17APR2015,MW,,,,,,,,,,,,,,,,,,,,,,,,,,,,,,,,,,,,,,,,,,,,,,,,,,,,,,,,,,,,,,,,,,,,,,,,,,,,,,,,,,,,,,,,,,,,,,,,
2015,Wamberal 66_11kV,18APR2015,MW,,,,,,,,,,,,,,,,,,,,,,,,,,,,,,,,,,,,,,,,,,,,,,,,,,,,,,,,,,,,,,,,,,,,,,,,,,,,,,,,,,,,,,,,,,,,,,,,
2015,Wamberal 66_11kV,19APR2015,MW,,,,,,,,,,,,,,,,,,,,,,,,,,,,,,,,,,,,,,,,,,,,,,,,,,,,,,,,,,,,,,,,,,,,,,,,,,,,,,,,,,,,,,,,,,,,,,,,
2015,Wamberal 66_11kV,20APR2015,MW,,,,,,,,,,,,,,,,,,,,,,,,,,,,,,,,,,,,,,,,,,,,,,,,,,,,,,,,,,,,,,,,,,,,,,,,,,,,,,,,,,,,,,,,,,,,,,,,
2015,Wamberal 66_11kV,21APR2015,MW,,,,,,,,,,,,,,,,,,,,,,,,,,,,,,,,,,,,,,,,,,,,,,,,,,,,,,,,,,,,,,,,,,,,,,,,,,,,,,,,,,,,,,,,,,,,,,,,
2015,Wamberal 66_11kV,22APR2015,MW,,,,,,,,,,,,,,,,,,,,,,,,,,,,,,,,,,,,,,,,,,,,,,,,,,,,,,,,,,,,,,,,,,,,,,,,,,,,,,,,,,,,,,,,,,,,,,,,
2015,Wamberal 66_11kV,23APR2015,MW,,,,,,,,,,,,,,,,,,,,,,,,,,,,,,,,,,,,,,,,,,,,,,,,,,,,,,,,,,,,,,,,,,,,,,,,,,,,,,,,,,,,,,,,,,,,,,,,
2015,Wamberal 66_11kV,24APR2015,MW,,,,,,,,,,,,,,,,,,,,,,,,,,,,,,,,,,,,,,,,,,,,,,,,,,,,,,,,,,,,,,,,,,,,,,,,,,,,,,,,,,,,,,,,,,,,,,,,
2015,Wamberal 66_11kV,25APR2015,MW,,,,,,,,,,,,,,,,,,,,,,,,,,,,,,,,,,,,,,,,,,,,,,,,,,,,,,,,,,,,,,,,,,,,,,,,,,,,,,,,,,,,,,,,,,,,,,,,
2015,Wamberal 66_11kV,26APR2015,MW,,,,,,,,,,,,,,,,,,,,,,,,,,,,,,,,,,,,,,,,,,,,,,,,,,,,,,,,,,,,,,,,,,,,,,,,,,,,,,,,,,,,,,,,,,,,,,,,
2015,Wamberal 66_11kV,27APR2015,MW,,,,,,,,,,,,,,,,,,,,,,,,,,,,,,,,,,,,,,,,,,,,,,,,,,,,,,,,,,,,,,,,,,,,,,,,,,,,,,,,,,,,,,,,,,,,,,,,
2015,Wamberal 66_11kV,28APR2015,MW,,,,,,,,,,,,,,,,,,,,,,,,,,,,,,,,,,,,,,,,,,,,,,,,,,,,,,,,,,,,,,,,,,,,,,,,,,,,,,,,,,,,,,,,,,,,,,,,
2015,Wamberal 66_11kV,29APR2015,MW,,,,,,,,,,,,,,,,,,,,,,,,,,,,,,,,,,,,,,,,,,,,,,,,,,,,,,,,,,,,,,,,,,,,,,,,,,,,,,,,,,,,,,,,,,,,,,,,
2015,Wamberal 66_11kV,30APR2015,MW,,,,,,,,,,,,,,,,,,,,,,,,,,,,,,,,,,,,,,,,,,,,,,,,,,,,,,,,,,,,,,,,,,,,,,,,,,,,,,,,,,,,,,,,,,,,,,,,
